ONTOLOGY	ID	Description	GeneRatio	BgRatio	pvalue	p.adjust	qvalue	geneID	Count
GO:0002429	BP	GO:0002429	immune response-activating cell surface receptor signaling pathway	14/100	302/18614	8.19666686952643e-10	1.10130117066823e-06	8.42071527718205e-07	CD247/SKAP1/TLR6/ITK/C5AR1/CCR7/PJA2/PRKCH/CR1/TLR4/ADA/CD3E/CD19/CD8A	14
GO:0002757	BP	GO:0002757	immune response-activating signaling pathway	16/100	423/18614	8.96825057547416e-10	1.10130117066823e-06	8.42071527718205e-07	CD247/SKAP1/TLR8/TLR6/CTSS/ITK/C5AR1/CCR7/PJA2/PRKCH/CR1/TLR4/ADA/CD3E/CD19/CD8A	16
GO:0002764	BP	GO:0002764	immune response-regulating signaling pathway	16/100	450/18614	2.1855192480843e-09	1.52175888429218e-06	1.16355985323901e-06	CD247/SKAP1/TLR8/TLR6/CTSS/ITK/C5AR1/CCR7/PJA2/PRKCH/CR1/TLR4/ADA/CD3E/CD19/CD8A	16
GO:0002768	BP	GO:0002768	immune response-regulating cell surface receptor signaling pathway	14/100	329/18614	2.47843466497098e-09	1.52175888429218e-06	1.16355985323901e-06	CD247/SKAP1/TLR6/ITK/C5AR1/CCR7/PJA2/PRKCH/CR1/TLR4/ADA/CD3E/CD19/CD8A	14
GO:0001819	BP	GO:0001819	positive regulation of cytokine production	16/100	489/18614	7.13278785342548e-09	3.46828781158741e-06	2.65190530424822e-06	TLR8/TLR6/PTAFR/ITK/CD6/C5AR1/LY9/SLAMF1/CYP1B1/CCR7/SOD1/SLAMF6/TLR4/CD3E/MCOLN2/PTGS2	16
GO:0002253	BP	GO:0002253	activation of immune response	16/100	495/18614	8.47301582635361e-09	3.46828781158741e-06	2.65190530424822e-06	CD247/SKAP1/TLR8/TLR6/CTSS/ITK/C5AR1/CCR7/PJA2/PRKCH/CR1/TLR4/ADA/CD3E/CD19/CD8A	16
GO:0002443	BP	GO:0002443	leukocyte mediated immunity	14/100	401/18614	3.04062551825897e-08	1.05410349410383e-05	8.05983470547413e-06	CD96/IL21R/TLR8/PTAFR/ITGAM/SLAMF1/IL7R/SLAMF6/IL2RB/CR1/TLR4/NKG7/CD19/CD8A	14
GO:1903131	BP	GO:1903131	mononuclear cell differentiation	15/100	474/18614	3.43356187004503e-08	1.05410349410383e-05	8.05983470547413e-06	NOTCH2/ITK/LY9/SLAMF1/IL7R/CCR7/SOD1/SLAMF6/CR1/ADA/MAFB/MYH9/CD3E/CD19/CD8A	15
GO:0030098	BP	GO:0030098	lymphocyte differentiation	14/100	422/18614	5.73371034079878e-08	1.56466584411131e-05	1.19636716350702e-05	NOTCH2/ITK/LY9/SLAMF1/IL7R/CCR7/SOD1/SLAMF6/CR1/ADA/MAFB/CD3E/CD19/CD8A	14
GO:0002460	BP	GO:0002460	adaptive immune response based on somatic recombination of immune receptors built from immunoglobulin superfamily domains	12/100	311/18614	1.08261296379216e-07	2.54029313308105e-05	1.94234654098088e-05	IL21R/TLR8/LY9/SLAMF1/IL7R/SLAMF6/IL2RB/CR1/TLR4/ADA/CD19/CD8A	12
GO:0002696	BP	GO:0002696	positive regulation of leukocyte activation	13/100	377/18614	1.13775343908353e-07	2.54029313308105e-05	1.94234654098088e-05	TLR6/PTAFR/DOCK8/CD6/ITGAM/SLAMF1/IL7R/CCR7/CR1/TLR4/ADA/CD3E/PPP3CA	13
GO:0050867	BP	GO:0050867	positive regulation of cell activation	13/100	394/18614	1.89055226827951e-07	3.86933030907874e-05	2.95854846193917e-05	TLR6/PTAFR/DOCK8/CD6/ITGAM/SLAMF1/IL7R/CCR7/CR1/TLR4/ADA/CD3E/PPP3CA	13
GO:0032609	BP	GO:0032609	type II interferon production	8/100	118/18614	2.34999700071928e-07	4.039118677593e-05	3.08837121585201e-05	CD96/TLR8/SLAMF1/CCR7/SLAMF6/CR1/TLR4/CD3E	8
GO:0032649	BP	GO:0032649	regulation of type II interferon production	8/100	118/18614	2.34999700071928e-07	4.039118677593e-05	3.08837121585201e-05	CD96/TLR8/SLAMF1/CCR7/SLAMF6/CR1/TLR4/CD3E	8
GO:1903039	BP	GO:1903039	positive regulation of leukocyte cell-cell adhesion	11/100	273/18614	2.46688844315534e-07	4.039118677593e-05	3.08837121585201e-05	SKAP1/PTAFR/DOCK8/CD6/SLAMF1/IL7R/CCR7/CR1/ADA/CD3E/PPP3CA	11
GO:0033627	BP	GO:0033627	cell adhesion mediated by integrin	7/100	87/18614	4.29431614798716e-07	6.5917752871603e-05	5.04017105790072e-05	SKAP1/ITGAM/CYP1B1/CIB1/ITGB7/ADA/CD3E	7
GO:0002366	BP	GO:0002366	leukocyte activation involved in immune response	11/100	296/18614	5.51379510417537e-07	7.7304879525014e-05	5.91084798013994e-05	PTAFR/NOTCH2/LY9/ITGAM/SLAMF1/SLAMF6/CR1/TLR4/ADA/NKG7/CD19	11
GO:0002263	BP	GO:0002263	cell activation involved in immune response	11/100	300/18614	6.2951856290728e-07	7.7304879525014e-05	5.91084798013994e-05	PTAFR/NOTCH2/LY9/ITGAM/SLAMF1/SLAMF6/CR1/TLR4/ADA/NKG7/CD19	11
GO:0002449	BP	GO:0002449	lymphocyte mediated immunity	11/100	300/18614	6.2951856290728e-07	7.7304879525014e-05	5.91084798013994e-05	CD96/IL21R/TLR8/SLAMF1/IL7R/SLAMF6/IL2RB/CR1/NKG7/CD19/CD8A	11
GO:0030217	BP	GO:0030217	T cell differentiation	11/100	300/18614	6.2951856290728e-07	7.7304879525014e-05	5.91084798013994e-05	ITK/LY9/IL7R/CCR7/SOD1/SLAMF6/CR1/ADA/MAFB/CD3E/CD8A	11
GO:0042063	BP	GO:0042063	gliogenesis	11/100	320/18614	1.18594908358705e-06	0.000136488898797746	0.000104361475850839	MAL/BIN1/C5AR1/MT1X/SOD1/PRKCH/TLR4/SYNJ1/PPP3R1/DAAM2/OLIG2	11
GO:0022409	BP	GO:0022409	positive regulation of cell-cell adhesion	11/100	321/18614	1.22262042897004e-06	0.000136488898797746	0.000104361475850839	SKAP1/PTAFR/DOCK8/CD6/SLAMF1/IL7R/CCR7/CR1/ADA/CD3E/PPP3CA	11
GO:0050851	BP	GO:0050851	antigen receptor-mediated signaling pathway	9/100	201/18614	1.35979130646742e-06	0.000145202062986261	0.000111023692939949	CD247/SKAP1/ITK/CCR7/PRKCH/ADA/CD3E/CD19/CD8A	9
GO:0045785	BP	GO:0045785	positive regulation of cell adhesion	13/100	482/18614	1.83090158640949e-06	0.000187362262342571	0.000143260018866427	SKAP1/PTAFR/DOCK8/CD6/SLAMF1/IL7R/CCR7/CIB1/SPOCK2/CR1/ADA/CD3E/PPP3CA	13
GO:0050850	BP	GO:0050850	positive regulation of calcium-mediated signaling	5/100	40/18614	2.29325546721795e-06	0.000217620158368328	0.000166395663693253	CIB1/ADA/PPP3R1/CD3E/PPP3CA	5
GO:0007159	BP	GO:0007159	leukocyte cell-cell adhesion	12/100	415/18614	2.30379646481129e-06	0.000217620158368328	0.000166395663693253	SKAP1/PTAFR/DOCK8/CD6/SLAMF1/IL7R/CCR7/CR1/ITGB7/ADA/CD3E/PPP3CA	12
GO:0002237	BP	GO:0002237	response to molecule of bacterial origin	11/100	366/18614	4.33560672032484e-06	0.000394379633522882	0.000301548631152418	CD96/TLR6/PTAFR/CD6/C5AR1/IL10RA/CCR7/TLR4/ABCA1/PTGER2/PTGS2	11
GO:0010001	BP	GO:0010001	glial cell differentiation	9/100	235/18614	4.90603098959687e-06	0.00043032900394464	0.000329036063362437	MAL/BIN1/C5AR1/MT1X/SOD1/TLR4/PPP3R1/DAAM2/OLIG2	9
GO:0050848	BP	GO:0050848	regulation of calcium-mediated signaling	6/100	82/18614	5.20271045099925e-06	0.00044061575405704	0.000336901468042928	DYRK2/CIB1/ADA/PPP3R1/CD3E/PPP3CA	6
GO:0046651	BP	GO:0046651	lymphocyte proliferation	10/100	306/18614	5.83765684576271e-06	0.00046678956220394	0.000356914357522642	DOCK8/CD6/SLAMF1/IL7R/CR1/TLR4/ADA/CD3E/CD19/PPP3CA	10
GO:1903037	BP	GO:1903037	regulation of leukocyte cell-cell adhesion	11/100	378/18614	5.8918877965481e-06	0.00046678956220394	0.000356914357522642	SKAP1/PTAFR/DOCK8/CD6/SLAMF1/IL7R/CCR7/CR1/ADA/CD3E/PPP3CA	11
GO:0033628	BP	GO:0033628	regulation of cell adhesion mediated by integrin	5/100	49/18614	6.39636130106145e-06	0.000490920729856467	0.000375365413193869	SKAP1/CYP1B1/CIB1/ADA/CD3E	5
GO:0033077	BP	GO:0033077	T cell differentiation in thymus	6/100	86/18614	6.86580452987401e-06	0.000510982300768805	0.00039070479366173	IL7R/CCR7/SOD1/ADA/MAFB/CD3E	6
GO:0032943	BP	GO:0032943	mononuclear cell proliferation	10/100	313/18614	7.1202481544609e-06	0.000514333219628117	0.000393266956890348	DOCK8/CD6/SLAMF1/IL7R/CR1/TLR4/ADA/CD3E/CD19/PPP3CA	10
GO:0050870	BP	GO:0050870	positive regulation of T cell activation	9/100	249/18614	7.83290535308597e-06	0.000549646158490833	0.000420267763906928	DOCK8/CD6/SLAMF1/IL7R/CCR7/CR1/ADA/CD3E/PPP3CA	9
GO:0051251	BP	GO:0051251	positive regulation of lymphocyte activation	10/100	327/18614	1.04326427548029e-05	0.000694924652967664	0.000531349897520278	DOCK8/CD6/SLAMF1/IL7R/CCR7/CR1/TLR4/ADA/CD3E/PPP3CA	10
GO:0050852	BP	GO:0050852	T cell receptor signaling pathway	7/100	140/18614	1.04691417588777e-05	0.000694924652967664	0.000531349897520278	CD247/SKAP1/ITK/CCR7/ADA/CD3E/CD8A	7
GO:0048016	BP	GO:0048016	inositol phosphate-mediated signaling	5/100	57/18614	1.35758259398243e-05	0.00087742706600549	0.000670894002123176	ITPR3/DYRK2/CIB1/PPP3R1/PPP3CA	5
GO:0002285	BP	GO:0002285	lymphocyte activation involved in immune response	8/100	208/18614	1.63970333687442e-05	0.00103259266547784	0.000789535965717672	NOTCH2/LY9/SLAMF6/CR1/TLR4/ADA/NKG7/CD19	8
GO:0070661	BP	GO:0070661	leukocyte proliferation	10/100	348/18614	1.78685854604295e-05	0.00109713114727037	0.00083888306477385	DOCK8/CD6/SLAMF1/IL7R/CR1/TLR4/ADA/CD3E/CD19/PPP3CA	10
GO:0033632	BP	GO:0033632	regulation of cell-cell adhesion mediated by integrin	3/100	11/18614	2.40601732516623e-05	0.00144126306112396	0.00110201152967819	SKAP1/ADA/CD3E	3
GO:0050863	BP	GO:0050863	regulation of T cell activation	10/100	377/18614	3.53558682555326e-05	0.00206747648656162	0.00158082378365589	DOCK8/CD6/SLAMF1/IL7R/CCR7/SOD1/CR1/ADA/CD3E/PPP3CA	10
GO:2000379	BP	GO:2000379	positive regulation of reactive oxygen species metabolic process	5/100	70/18614	3.71353661483134e-05	0.00212103393628507	0.00162177461954936	TLR6/ITGAM/CYP1B1/SOD1/TLR4	5
GO:0021782	BP	GO:0021782	glial cell development	6/100	119/18614	4.3943146259804e-05	0.00236333603671427	0.00180704246935465	MAL/C5AR1/MT1X/SOD1/TLR4/PPP3R1	6
GO:0046631	BP	GO:0046631	alpha-beta T cell activation	7/100	175/18614	4.41910984442519e-05	0.00236333603671427	0.00180704246935465	CD247/ITK/LY9/SLAMF6/ADA/CD3E/NKG7	7
GO:0007160	BP	GO:0007160	cell-matrix adhesion	8/100	239/18614	4.42644371697299e-05	0.00236333603671427	0.00180704246935465	CD96/SKAP1/ITGAM/CCR7/CIB1/TLN1/ITGB7/CD3E	8
GO:0002274	BP	GO:0002274	myeloid leukocyte activation	8/100	240/18614	4.55901358701051e-05	0.0023823270999357	0.00182156332345504	TLR6/PTAFR/NOTCH2/C5AR1/ITGAM/SLAMF1/PJA2/TLR4	8
GO:0002335	BP	GO:0002335	mature B cell differentiation	4/100	38/18614	5.03068737054297e-05	0.00257403503792782	0.00196814611163348	NOTCH2/CR1/ADA/CD19	4
GO:0002703	BP	GO:0002703	regulation of leukocyte mediated immunity	8/100	246/18614	5.42600926016602e-05	0.00271446678362691	0.00207552234784433	CD96/PTAFR/ITGAM/SLAMF1/IL7R/SLAMF6/CR1/TLR4	8
GO:0150076	BP	GO:0150076	neuroinflammatory response	5/100	76/18614	5.52619459207432e-05	0.00271446678362691	0.00207552234784433	C5AR1/MT1X/ITGAM/MMP9/PTGS2	5
GO:0032729	BP	GO:0032729	positive regulation of type II interferon production	5/100	77/18614	5.88495989544258e-05	0.00283401205945235	0.00216692847336833	TLR8/SLAMF1/SLAMF6/TLR4/CD3E	5
GO:0070884	BP	GO:0070884	regulation of calcineurin-NFAT signaling cascade	4/100	40/18614	6.17740027277908e-05	0.00291763366729719	0.00223086681915746	DYRK2/CIB1/PPP3R1/PPP3CA	4
GO:0001768	BP	GO:0001768	establishment of T cell polarity	3/100	15/18614	6.53185516230352e-05	0.00293402214676615	0.0022433976983674	DOCK8/CCR7/MYH9	3
GO:0001771	BP	GO:0001771	immunological synapse formation	3/100	15/18614	6.53185516230352e-05	0.00293402214676615	0.0022433976983674	DOCK8/CD6/CCR7	3
GO:0022407	BP	GO:0022407	regulation of cell-cell adhesion	11/100	491/18614	6.57048933518479e-05	0.00293402214676615	0.0022433976983674	SKAP1/PTAFR/DOCK8/CD6/SLAMF1/IL7R/CCR7/CR1/ADA/CD3E/PPP3CA	11
GO:0106056	BP	GO:0106056	regulation of calcineurin-mediated signaling	4/100	41/18614	6.81711184162764e-05	0.00298979047911384	0.00228603900854581	DYRK2/CIB1/PPP3R1/PPP3CA	4
GO:0001767	BP	GO:0001767	establishment of lymphocyte polarity	3/100	16/18614	8.00786431821305e-05	0.00345040609921601	0.0026382326765821	DOCK8/CCR7/MYH9	3
GO:0032689	BP	GO:0032689	negative regulation of type II interferon production	4/100	43/18614	8.23940359582589e-05	0.0034889612467842	0.00266771252539989	CD96/SLAMF1/CR1/TLR4	4
GO:0033631	BP	GO:0033631	cell-cell adhesion mediated by integrin	3/100	17/18614	9.68593387367877e-05	0.00403197518538221	0.00308290919369187	SKAP1/ADA/CD3E	3
GO:0033173	BP	GO:0033173	calcineurin-NFAT signaling cascade	4/100	45/18614	9.86606352592436e-05	0.00403850866994504	0.00308790479478054	DYRK2/CIB1/PPP3R1/PPP3CA	4
GO:0032496	BP	GO:0032496	response to lipopolysaccharide	9/100	345/18614	0.000100571646983709	0.00404924532773754	0.00309611420567623	CD96/PTAFR/CD6/IL10RA/CCR7/TLR4/ABCA1/PTGER2/PTGS2	9
GO:0043271	BP	GO:0043271	negative regulation of monoatomic ion transport	6/100	140/18614	0.00010851664609614	0.00429865940019549	0.00328681997683386	BIN1/HECW2/MMP9/PPP3R1/PTGS2/PPP3CA	6
GO:0002312	BP	GO:0002312	B cell activation involved in immune response	5/100	89/18614	0.000117504466138109	0.00458080902913008	0.00350255584946342	NOTCH2/CR1/TLR4/ADA/CD19	5
GO:0050671	BP	GO:0050671	positive regulation of lymphocyte proliferation	6/100	145/18614	0.00013159056660569	0.00504978799349336	0.00386114425698275	CD6/SLAMF1/TLR4/ADA/CD3E/PPP3CA	6
GO:0031589	BP	GO:0031589	cell-substrate adhesion	9/100	359/18614	0.000135816468386318	0.00505899262538074	0.00386818225770583	CD96/SKAP1/ITGAM/CCR7/CIB1/TLN1/SPOCK2/ITGB7/CD3E	9
GO:0032695	BP	GO:0032695	negative regulation of interleukin-12 production	3/100	19/18614	0.000136951034591119	0.00505899262538074	0.00386818225770583	TLR8/SLAMF1/CCR7	3
GO:0097720	BP	GO:0097720	calcineurin-mediated signaling	4/100	49/18614	0.00013800997797252	0.00505899262538074	0.00386818225770583	DYRK2/CIB1/PPP3R1/PPP3CA	4
GO:0050878	BP	GO:0050878	regulation of body fluid levels	9/100	361/18614	0.000141606918282966	0.00511450869563183	0.00391063068447076	F5/TLN1/ITPK1/TLR4/HK2/ADA/MYH9/F13A1/PPP3CA	9
GO:0032946	BP	GO:0032946	positive regulation of mononuclear cell proliferation	6/100	148/18614	0.000147199855816057	0.00523946153455414	0.00400617151450565	CD6/SLAMF1/TLR4/ADA/CD3E/PPP3CA	6
GO:2000377	BP	GO:2000377	regulation of reactive oxygen species metabolic process	6/100	150/18614	0.000158396069555272	0.0055574392403964	0.00424930207649031	TLR6/ITGAM/CYP1B1/SOD1/TLR4/HK2	6
GO:0045058	BP	GO:0045058	T cell selection	4/100	51/18614	0.000161445038428432	0.00558463400535533	0.00427009560498624	LY9/CCR7/SLAMF6/CD3E	4
GO:0048534	BP	GO:0048534	hematopoietic or lymphoid organ development	5/100	96/18614	0.000167984909019922	0.00573015189656844	0.00438136078496404	IL7R/SOD1/ADA/SLC40A1/MAFB	5
GO:0070886	BP	GO:0070886	positive regulation of calcineurin-NFAT signaling cascade	3/100	21/18614	0.000186510658012209	0.00610760234770647	0.00466996510728113	CIB1/PPP3R1/PPP3CA	3
GO:0106058	BP	GO:0106058	positive regulation of calcineurin-mediated signaling	3/100	21/18614	0.000186510658012209	0.00610760234770647	0.00466996510728113	CIB1/PPP3R1/PPP3CA	3
GO:1903209	BP	GO:1903209	positive regulation of oxidative stress-induced cell death	3/100	21/18614	0.000186510658012209	0.00610760234770647	0.00466996510728113	TLR6/SOD1/TLR4	3
GO:0033630	BP	GO:0033630	positive regulation of cell adhesion mediated by integrin	3/100	22/18614	0.000215118886709973	0.00695173665473282	0.00531540296247357	SKAP1/CIB1/CD3E	3
GO:1904063	BP	GO:1904063	negative regulation of cation transmembrane transport	5/100	102/18614	0.000223170123798636	0.00704838342489951	0.0053893005443257	BIN1/HECW2/MMP9/PPP3R1/PPP3CA	5
GO:0002573	BP	GO:0002573	myeloid leukocyte differentiation	7/100	227/18614	0.000223886471225892	0.00704838342489951	0.0053893005443257	NOTCH2/CCR7/MMP9/TLR4/MAFB/MYH9/PPP3CA	7
GO:0001954	BP	GO:0001954	positive regulation of cell-matrix adhesion	4/100	56/18614	0.000232458899599699	0.00704838342489951	0.0053893005443257	SKAP1/CCR7/CIB1/CD3E	4
GO:0002707	BP	GO:0002707	negative regulation of lymphocyte mediated immunity	4/100	56/18614	0.000232458899599699	0.00704838342489951	0.0053893005443257	CD96/SLAMF1/IL7R/CR1	4
GO:2000107	BP	GO:2000107	negative regulation of leukocyte apoptotic process	4/100	56/18614	0.000232458899599699	0.00704838342489951	0.0053893005443257	DOCK8/IL7R/CCR7/ADA	4
GO:0050900	BP	GO:0050900	leukocyte migration	9/100	393/18614	0.000266317250783124	0.00797652643808966	0.00609897272653521	PTAFR/DOCK8/C5AR1/SLAMF1/CCR7/ITGB7/ADA/MYH9/MCOLN2	9
GO:0070665	BP	GO:0070665	positive regulation of leukocyte proliferation	6/100	166/18614	0.00027429083465627	0.00810039092635834	0.00619368138720353	CD6/SLAMF1/TLR4/ADA/CD3E/PPP3CA	6
GO:0045932	BP	GO:0045932	negative regulation of muscle contraction	3/100	24/18614	0.000280531147659539	0.00810039092635834	0.00619368138720353	BIN1/SOD1/PTGS2	3
GO:0070233	BP	GO:0070233	negative regulation of T cell apoptotic process	3/100	24/18614	0.000280531147659539	0.00810039092635834	0.00619368138720353	DOCK8/IL7R/ADA	3
GO:0006909	BP	GO:0006909	phagocytosis	7/100	236/18614	0.000283645610613525	0.00810039092635834	0.00619368138720353	ITGAM/SLAMF1/SOD1/IL2RB/TLR4/ABCA1/MYH9	7
GO:0072593	BP	GO:0072593	reactive oxygen species metabolic process	7/100	237/18614	0.000291008884520908	0.00812675844924895	0.00621384239390542	TLR6/PDK4/ITGAM/CYP1B1/SOD1/TLR4/HK2	7
GO:0014013	BP	GO:0014013	regulation of gliogenesis	5/100	108/18614	0.00029118678482651	0.00812675844924895	0.00621384239390542	BIN1/PRKCH/SYNJ1/DAAM2/OLIG2	5
GO:0034766	BP	GO:0034766	negative regulation of monoatomic ion transmembrane transport	5/100	109/18614	0.000303898903439201	0.00826394992488462	0.0063187410706301	BIN1/HECW2/MMP9/PPP3R1/PPP3CA	5
GO:0042116	BP	GO:0042116	macrophage activation	5/100	109/18614	0.000303898903439201	0.00826394992488462	0.0063187410706301	TLR6/C5AR1/ITGAM/PJA2/TLR4	5
GO:0050670	BP	GO:0050670	regulation of lymphocyte proliferation	7/100	239/18614	0.000306196841679357	0.00826394992488462	0.0063187410706301	CD6/SLAMF1/CR1/TLR4/ADA/CD3E/PPP3CA	7
GO:1902105	BP	GO:1902105	regulation of leukocyte differentiation	8/100	319/18614	0.000323398864143903	0.0086333435906242	0.00660118505300599	NOTCH2/IL7R/SOD1/CR1/TLR4/ADA/MAFB/PPP3CA	8
GO:0043410	BP	GO:0043410	positive regulation of MAPK cascade	10/100	495/18614	0.00032903253245748	0.00868928924425346	0.00664396194571754	TLR6/NOTCH2/C5AR1/SLAMF1/CCR7/CIB1/SOD1/PJA2/MAP4K1/TLR4	10
GO:0032944	BP	GO:0032944	regulation of mononuclear cell proliferation	7/100	243/18614	0.000338484679051606	0.00884381246543345	0.00676211273715639	CD6/SLAMF1/CR1/TLR4/ADA/CD3E/PPP3CA	7
GO:0006937	BP	GO:0006937	regulation of muscle contraction	6/100	173/18614	0.000342279935821935	0.00884883707767024	0.00676595463164911	DSC2/BIN1/PTAFR/SOD1/ADA/PTGS2	6
GO:0046629	BP	GO:0046629	gamma-delta T cell activation	3/100	26/18614	0.000357567647205659	0.00905346537667112	0.00692241652322187	CD247/ITK/CD3E	3
GO:0050857	BP	GO:0050857	positive regulation of antigen receptor-mediated signaling pathway	3/100	26/18614	0.000357567647205659	0.00905346537667112	0.00692241652322187	CCR7/PRKCH/ADA	3
GO:0006940	BP	GO:0006940	regulation of smooth muscle contraction	4/100	64/18614	0.000389140642550755	0.00955729418104655	0.00730765164537418	PTAFR/SOD1/ADA/PTGS2	4
GO:0032615	BP	GO:0032615	interleukin-12 production	4/100	64/18614	0.000389140642550755	0.00955729418104655	0.00730765164537418	TLR8/SLAMF1/CCR7/TLR4	4
GO:0032655	BP	GO:0032655	regulation of interleukin-12 production	4/100	64/18614	0.000389140642550755	0.00955729418104655	0.00730765164537418	TLR8/SLAMF1/CCR7/TLR4	4
GO:1903706	BP	GO:1903706	regulation of hemopoiesis	9/100	415/18614	0.000396601826750547	0.00964409986633013	0.00737402458491898	NOTCH2/IL7R/CIB1/SOD1/CR1/TLR4/ADA/MAFB/PPP3CA	9
GO:0033081	BP	GO:0033081	regulation of T cell differentiation in thymus	3/100	27/18614	0.00040069918420491	0.0096482078079143	0.00737716557916986	IL7R/SOD1/ADA	3
GO:0050854	BP	GO:0050854	regulation of antigen receptor-mediated signaling pathway	4/100	65/18614	0.00041296056070244	0.00984690424354557	0.00752909187831532	CCR7/PRKCH/ADA/CD19	4
GO:0090257	BP	GO:0090257	regulation of muscle system process	7/100	254/18614	0.00044157223089584	0.0104278980680787	0.00797332854168196	DSC2/BIN1/PTAFR/SOD1/ADA/PTGS2/PPP3CA	7
GO:0002704	BP	GO:0002704	negative regulation of leukocyte mediated immunity	4/100	68/18614	0.000490660292631548	0.0111912754451905	0.00855701842714721	CD96/SLAMF1/IL7R/CR1	4
GO:0045670	BP	GO:0045670	regulation of osteoclast differentiation	4/100	68/18614	0.000490660292631548	0.0111912754451905	0.00855701842714721	NOTCH2/TLR4/MAFB/PPP3CA	4
GO:0010575	BP	GO:0010575	positive regulation of vascular endothelial growth factor production	3/100	29/18614	0.000496681198503976	0.0111912754451905	0.00855701842714721	C5AR1/CYP1B1/PTGS2	3
GO:1900017	BP	GO:1900017	positive regulation of cytokine production involved in inflammatory response	3/100	29/18614	0.000496681198503976	0.0111912754451905	0.00855701842714721	TLR6/CD6/TLR4	3
GO:1902430	BP	GO:1902430	negative regulation of amyloid-beta formation	3/100	29/18614	0.000496681198503976	0.0111912754451905	0.00855701842714721	BIN1/PIN1/RTN3	3
GO:0019722	BP	GO:0019722	calcium-mediated signaling	6/100	187/18614	0.000517472304588634	0.011477346716414	0.00877575284676948	DYRK2/CIB1/ADA/PPP3R1/CD3E/PPP3CA	6
GO:0014015	BP	GO:0014015	positive regulation of gliogenesis	4/100	69/18614	0.000518723731890046	0.011477346716414	0.00877575284676948	BIN1/PRKCH/SYNJ1/OLIG2	4
GO:0010720	BP	GO:0010720	positive regulation of cell development	9/100	432/18614	0.000529990581221572	0.0116219363167873	0.00888630824153463	BIN1/NOTCH2/IL7R/PRKCH/CR1/ADA/SYNJ1/OLIG2/PPP3CA	9
GO:0002224	BP	GO:0002224	toll-like receptor signaling pathway	4/100	70/18614	0.000547910905571362	0.0119085768502944	0.00910547792770666	TLR8/TLR6/CTSS/TLR4	4
GO:0001952	BP	GO:0001952	regulation of cell-matrix adhesion	5/100	125/18614	0.000570208728437366	0.0121776751047145	0.00931123452203443	SKAP1/CCR7/CIB1/TLN1/CD3E	5
GO:0010811	BP	GO:0010811	positive regulation of cell-substrate adhesion	5/100	125/18614	0.000570208728437366	0.0121776751047145	0.00931123452203443	SKAP1/CCR7/CIB1/SPOCK2/CD3E	5
GO:0045987	BP	GO:0045987	positive regulation of smooth muscle contraction	3/100	31/18614	0.000606257329037567	0.0125733017564726	0.00961373664218544	PTAFR/ADA/PTGS2	3
GO:0071276	BP	GO:0071276	cellular response to cadmium ion	3/100	31/18614	0.000606257329037567	0.0125733017564726	0.00961373664218544	MT1X/SOD1/MMP9	3
GO:0070663	BP	GO:0070663	regulation of leukocyte proliferation	7/100	268/18614	0.000607544839994016	0.0125733017564726	0.00961373664218544	CD6/SLAMF1/CR1/TLR4/ADA/CD3E/PPP3CA	7
GO:0051926	BP	GO:0051926	negative regulation of calcium ion transport	4/100	72/18614	0.000609757679236294	0.0125733017564726	0.00961373664218544	BIN1/PPP3R1/PTGS2/PPP3CA	4
GO:0031349	BP	GO:0031349	positive regulation of defense response	9/100	441/18614	0.000614330704713644	0.0125733017564726	0.00961373664218544	TLR8/TLR6/CTSS/CCR7/PJA2/SLAMF6/TLR4/NKG7/PTGS2	9
GO:0031334	BP	GO:0031334	positive regulation of protein-containing complex assembly	6/100	195/18614	0.000645018817593392	0.013092282776937	0.010010557377874	BIN1/SKAP1/TLR6/CCR7/TLR4/ABCA1	6
GO:0002313	BP	GO:0002313	mature B cell differentiation involved in immune response	3/100	32/18614	0.000666374891268503	0.0134148912537331	0.0102572286973512	NOTCH2/CR1/ADA	3
GO:0002520	BP	GO:0002520	immune system development	6/100	197/18614	0.000680418936103353	0.0135862512769905	0.0103882531622455	IL7R/SOD1/ADA/SLC40A1/MAFB/CD3E	6
GO:0036336	BP	GO:0036336	dendritic cell migration	3/100	33/18614	0.000730165549631151	0.0142324332531278	0.0108823336720299	DOCK8/SLAMF1/CCR7	3
GO:0071404	BP	GO:0071404	cellular response to low-density lipoprotein particle stimulus	3/100	33/18614	0.000730165549631151	0.0142324332531278	0.0108823336720299	TLR6/TLR4/ABCA1	3
GO:1902992	BP	GO:1902992	negative regulation of amyloid precursor protein catabolic process	3/100	33/18614	0.000730165549631151	0.0142324332531278	0.0108823336720299	BIN1/PIN1/RTN3	3
GO:0006809	BP	GO:0006809	nitric oxide biosynthetic process	4/100	77/18614	0.000785817248502427	0.0151965918293068	0.011619543898287	TLR6/CYP1B1/TLR4/PTGS2	4
GO:0055094	BP	GO:0055094	response to lipoprotein particle	3/100	34/18614	0.000797717237815549	0.0153061995005858	0.0117033515811097	TLR6/TLR4/ABCA1	3
GO:2000241	BP	GO:2000241	regulation of reproductive process	6/100	206/18614	0.000858754177197604	0.0163496144123823	0.0125011624000043	PTAFR/LHFPL2/CIB1/SOD1/ADA/MYH9	6
GO:1901654	BP	GO:1901654	response to ketone	6/100	208/18614	0.000902872487450952	0.0169394683031059	0.012952173603952	PTAFR/CYP1B1/CCR7/F5/MAP4K1/PTGER2	6
GO:0045088	BP	GO:0045088	regulation of innate immune response	8/100	373/18614	0.000903530271867618	0.0169394683031059	0.012952173603952	CD96/TLR8/TLR6/CTSS/PJA2/SLAMF6/CR1/TLR4	8
GO:0044262	BP	GO:0044262	cellular carbohydrate metabolic process	7/100	290/18614	0.000965003338406681	0.0179549105994455	0.0137285961380982	PTAFR/PDK4/DYRK2/GAA/ITPK1/HK2/SYNJ1	7
GO:0019932	BP	GO:0019932	second-messenger-mediated signaling	7/100	292/18614	0.00100431369048589	0.0185458227355892	0.0141804164924957	ITPR3/DYRK2/CIB1/ADA/PPP3R1/CD3E/PPP3CA	7
GO:0042098	BP	GO:0042098	T cell proliferation	6/100	213/18614	0.00102082820666429	0.0186254414448788	0.0142412941615223	DOCK8/CD6/SLAMF1/CR1/CD3E/PPP3CA	6
GO:0071402	BP	GO:0071402	cellular response to lipoprotein particle stimulus	3/100	37/18614	0.00102379258756459	0.0186254414448788	0.0142412941615223	TLR6/TLR4/ABCA1	3
GO:0046209	BP	GO:0046209	nitric oxide metabolic process	4/100	83/18614	0.00104117943949308	0.0187577981737035	0.0143424961177298	TLR6/CYP1B1/TLR4/PTGS2	4
GO:0014074	BP	GO:0014074	response to purine-containing compound	5/100	143/18614	0.00104634297630187	0.0187577981737035	0.0143424961177298	PTAFR/CYP1B1/SOD1/ADA/PTGS2	5
GO:2001057	BP	GO:2001057	reactive nitrogen species metabolic process	4/100	84/18614	0.00108877509394369	0.0192385270308358	0.0147100686709288	TLR6/CYP1B1/TLR4/PTGS2	4
GO:0002697	BP	GO:0002697	regulation of immune effector process	8/100	384/18614	0.00108882543049111	0.0192385270308358	0.0147100686709288	CD96/PTAFR/ITGAM/SLAMF1/IL7R/SLAMF6/CR1/TLR4	8
GO:0043368	BP	GO:0043368	positive T cell selection	3/100	38/18614	0.00110723422018109	0.019254957079878	0.014722631334863	LY9/SLAMF6/CD3E	3
GO:0070229	BP	GO:0070229	negative regulation of lymphocyte apoptotic process	3/100	38/18614	0.00110723422018109	0.019254957079878	0.014722631334863	DOCK8/IL7R/ADA	3
GO:0016064	BP	GO:0016064	immunoglobulin mediated immune response	5/100	145/18614	0.00111327520575842	0.019254957079878	0.014722631334863	IL21R/TLR8/IL2RB/CR1/CD19	5
GO:0002687	BP	GO:0002687	positive regulation of leukocyte migration	5/100	147/18614	0.00118333249926514	0.0203235287985676	0.0155396774287008	PTAFR/DOCK8/C5AR1/SLAMF1/CCR7	5
GO:0070232	BP	GO:0070232	regulation of T cell apoptotic process	3/100	39/18614	0.0011948515778627	0.0203788574668806	0.0155819825651101	DOCK8/IL7R/ADA	3
GO:0019724	BP	GO:0019724	B cell mediated immunity	5/100	148/18614	0.00121956091337175	0.0206568386430415	0.0157945311757183	IL21R/TLR8/IL2RB/CR1/CD19	5
GO:0048708	BP	GO:0048708	astrocyte differentiation	4/100	87/18614	0.00124070713041632	0.0208127061988291	0.0159137098657256	BIN1/C5AR1/MT1X/TLR4	4
GO:2000510	BP	GO:2000510	positive regulation of dendritic cell chemotaxis	2/100	10/18614	0.00125023420242275	0.0208127061988291	0.0159137098657256	SLAMF1/CCR7	2
GO:0010810	BP	GO:0010810	regulation of cell-substrate adhesion	6/100	222/18614	0.00126266010733939	0.0208127061988291	0.0159137098657256	SKAP1/CCR7/CIB1/TLN1/SPOCK2/CD3E	6
GO:0070374	BP	GO:0070374	positive regulation of ERK1 and ERK2 cascade	6/100	222/18614	0.00126266010733939	0.0208127061988291	0.0159137098657256	NOTCH2/C5AR1/SLAMF1/CCR7/CIB1/TLR4	6
GO:0010863	BP	GO:0010863	positive regulation of phospholipase C activity	3/100	40/18614	0.00128672273260337	0.0210546685200813	0.0160987179152344	PTAFR/ITK/C5AR1	3
GO:0032413	BP	GO:0032413	negative regulation of ion transmembrane transporter activity	4/100	88/18614	0.00129448491308317	0.0210546685200813	0.0160987179152344	HECW2/MMP9/PPP3R1/PPP3CA	4
GO:0007596	BP	GO:0007596	blood coagulation	6/100	224/18614	0.00132189916008429	0.021359107481362	0.0163314965484098	F5/TLN1/ITPK1/TLR4/MYH9/F13A1	6
GO:0001890	BP	GO:0001890	placenta development	5/100	152/18614	0.00137273516753998	0.022035539682864	0.0168487068379176	NOTCH2/SOD1/NCOA1/ADA/PTGS2	5
GO:2000106	BP	GO:2000106	regulation of leukocyte apoptotic process	4/100	90/18614	0.00140689461906341	0.0222727368987535	0.0170300714158136	DOCK8/IL7R/CCR7/ADA	4
GO:0034763	BP	GO:0034763	negative regulation of transmembrane transport	5/100	153/18614	0.00141315042171426	0.0222727368987535	0.0170300714158136	BIN1/HECW2/MMP9/PPP3R1/PPP3CA	5
GO:0002685	BP	GO:0002685	regulation of leukocyte migration	6/100	227/18614	0.0014147178160446	0.0222727368987535	0.0170300714158136	PTAFR/DOCK8/C5AR1/SLAMF1/CCR7/ADA	6
GO:0045055	BP	GO:0045055	regulated exocytosis	6/100	228/18614	0.00144673790925201	0.0226317726440951	0.0173045955756324	PTAFR/ITGAM/STXBP5/SYNJ1/MYH9/NKG7	6
GO:0050817	BP	GO:0050817	coagulation	6/100	229/18614	0.00147930856577331	0.0226654165936975	0.017330320248224	F5/TLN1/ITPK1/TLR4/MYH9/F13A1	6
GO:0045429	BP	GO:0045429	positive regulation of nitric oxide biosynthetic process	3/100	42/18614	0.00148353083598775	0.0226654165936975	0.017330320248224	TLR6/TLR4/PTGS2	3
GO:1900274	BP	GO:1900274	regulation of phospholipase C activity	3/100	42/18614	0.00148353083598775	0.0226654165936975	0.017330320248224	PTAFR/ITK/C5AR1	3
GO:0007599	BP	GO:0007599	hemostasis	6/100	230/18614	0.0015124359993762	0.0226654165936975	0.017330320248224	F5/TLN1/ITPK1/TLR4/MYH9/F13A1	6
GO:0032490	BP	GO:0032490	detection of molecule of bacterial origin	2/100	11/18614	0.00152271732001632	0.0226654165936975	0.017330320248224	TLR6/TLR4	2
GO:0033089	BP	GO:0033089	positive regulation of T cell differentiation in thymus	2/100	11/18614	0.00152271732001632	0.0226654165936975	0.017330320248224	IL7R/ADA	2
GO:0045060	BP	GO:0045060	negative thymic T cell selection	2/100	11/18614	0.00152271732001632	0.0226654165936975	0.017330320248224	CCR7/CD3E	2
GO:1905665	BP	GO:1905665	positive regulation of calcium ion import across plasma membrane	2/100	11/18614	0.00152271732001632	0.0226654165936975	0.017330320248224	PPP3R1/PPP3CA	2
GO:0070372	BP	GO:0070372	regulation of ERK1 and ERK2 cascade	7/100	315/18614	0.00155354007338781	0.0229849061460269	0.0175746067908932	NOTCH2/PIN1/C5AR1/SLAMF1/CCR7/CIB1/TLR4	7
GO:0014002	BP	GO:0014002	astrocyte development	3/100	43/18614	0.00158861609598997	0.0233631205494093	0.017863795242648	C5AR1/MT1X/TLR4	3
GO:0043254	BP	GO:0043254	regulation of protein-containing complex assembly	8/100	409/18614	0.0016238954885367	0.0237398054752747	0.0181518142327662	BIN1/SKAP1/TLR6/STXBP5/CCR7/TLR4/ABCA1/DAAM2	8
GO:0034764	BP	GO:0034764	positive regulation of transmembrane transport	6/100	235/18614	0.00168664403335407	0.0245112292657846	0.0187416565275843	PTAFR/CTSS/RNASEL/PPP3R1/CD19/PPP3CA	6
GO:1904407	BP	GO:1904407	positive regulation of nitric oxide metabolic process	3/100	44/18614	0.00169825181048723	0.0245347438032744	0.0187596360985091	TLR6/TLR4/PTGS2	3
GO:0046330	BP	GO:0046330	positive regulation of JNK cascade	4/100	95/18614	0.00171742393214814	0.0245756891160315	0.0187909435037717	SLAMF1/CCR7/PJA2/TLR4	4
GO:0010951	BP	GO:0010951	negative regulation of endopeptidase activity	5/100	160/18614	0.00172109874916833	0.0245756891160315	0.0187909435037717	BIN1/MMP9/SPOCK2/CR1/PTGS2	5
GO:0032957	BP	GO:0032957	inositol trisphosphate metabolic process	2/100	12/18614	0.00182086977393106	0.0249835539931547	0.0191028031560895	PTAFR/ITPK1	2
GO:0034135	BP	GO:0034135	regulation of toll-like receptor 2 signaling pathway	2/100	12/18614	0.00182086977393106	0.0249835539931547	0.0191028031560895	TLR6/PJA2	2
GO:0043312	BP	GO:0043312	neutrophil degranulation	2/100	12/18614	0.00182086977393106	0.0249835539931547	0.0191028031560895	PTAFR/ITGAM	2
GO:0043383	BP	GO:0043383	negative T cell selection	2/100	12/18614	0.00182086977393106	0.0249835539931547	0.0191028031560895	CCR7/CD3E	2
GO:0098911	BP	GO:0098911	regulation of ventricular cardiac muscle cell action potential	2/100	12/18614	0.00182086977393106	0.0249835539931547	0.0191028031560895	DSC2/BIN1	2
GO:0140052	BP	GO:0140052	cellular response to oxidised low-density lipoprotein particle stimulus	2/100	12/18614	0.00182086977393106	0.0249835539931547	0.0191028031560895	TLR6/TLR4	2
GO:2000508	BP	GO:2000508	regulation of dendritic cell chemotaxis	2/100	12/18614	0.00182086977393106	0.0249835539931547	0.0191028031560895	SLAMF1/CCR7	2
GO:0046427	BP	GO:0046427	positive regulation of receptor signaling pathway via JAK-STAT	3/100	46/18614	0.00193145448291249	0.0263536233890726	0.0201503789328414	IL10RA/CYP1B1/IL7R	3
GO:0030099	BP	GO:0030099	myeloid cell differentiation	8/100	421/18614	0.00194581048940223	0.026402820784375	0.0201879960051968	NOTCH2/CCR7/CIB1/MMP9/TLR4/MAFB/MYH9/PPP3CA	8
GO:0036473	BP	GO:0036473	cell death in response to oxidative stress	4/100	99/18614	0.00199786777999152	0.0268129140309244	0.0205015595024726	TLR6/CYP1B1/SOD1/TLR4	4
GO:0048661	BP	GO:0048661	positive regulation of smooth muscle cell proliferation	4/100	99/18614	0.00199786777999152	0.0268129140309244	0.0205015595024726	PTAFR/MMP9/TLR4/PTGS2	4
GO:0002701	BP	GO:0002701	negative regulation of production of molecular mediator of immune response	3/100	47/18614	0.00205515766226457	0.0273677058274116	0.0209257616989981	CD96/SLAMF1/CR1	3
GO:0030101	BP	GO:0030101	natural killer cell activation	4/100	100/18614	0.00207263570191309	0.0273677058274116	0.0209257616989981	IL21R/SLAMF1/IL2RB/NKG7	4
GO:0032755	BP	GO:0032755	positive regulation of interleukin-6 production	4/100	100/18614	0.00207263570191309	0.0273677058274116	0.0209257616989981	TLR8/TLR6/PTAFR/TLR4	4
GO:0051604	BP	GO:0051604	protein maturation	7/100	332/18614	0.00209219811772127	0.0274782811610879	0.0210103092711215	CTSS/CPD/CTSZ/TYSND1/MAFB/MYH9/F13A1	7
GO:0002430	BP	GO:0002430	complement receptor mediated signaling pathway	2/100	13/18614	0.00214441345978528	0.0277882245863885	0.0212472967007188	C5AR1/CR1	2
GO:0002756	BP	GO:0002756	MyD88-independent toll-like receptor signaling pathway	2/100	13/18614	0.00214441345978528	0.0277882245863885	0.0212472967007188	TLR6/TLR4	2
GO:0032620	BP	GO:0032620	interleukin-17 production	3/100	48/18614	0.00218368377246456	0.0277882245863885	0.0212472967007188	LY9/SLAMF6/TLR4	3
GO:0032660	BP	GO:0032660	regulation of interleukin-17 production	3/100	48/18614	0.00218368377246456	0.0277882245863885	0.0212472967007188	LY9/SLAMF6/TLR4	3
GO:0035850	BP	GO:0035850	epithelial cell differentiation involved in kidney development	3/100	48/18614	0.00218368377246456	0.0277882245863885	0.0212472967007188	NOTCH2/MMP9/BASP1	3
GO:1902003	BP	GO:1902003	regulation of amyloid-beta formation	3/100	48/18614	0.00218368377246456	0.0277882245863885	0.0212472967007188	BIN1/PIN1/RTN3	3
GO:0030316	BP	GO:0030316	osteoclast differentiation	4/100	102/18614	0.0022279345652171	0.0281054697166846	0.0214898671243637	NOTCH2/TLR4/MAFB/PPP3CA	4
GO:0007009	BP	GO:0007009	plasma membrane organization	5/100	170/18614	0.00224294465165724	0.0281054697166846	0.0214898671243637	BIN1/SOD1/CR1/MAFB/MYH9	5
GO:0007254	BP	GO:0007254	JNK cascade	5/100	170/18614	0.00224294465165724	0.0281054697166846	0.0214898671243637	SLAMF1/CCR7/PJA2/MAP4K1/TLR4	5
GO:0016485	BP	GO:0016485	protein processing	6/100	250/18614	0.00230168639243112	0.0283123926450112	0.0216480835242157	CTSS/CPD/CTSZ/TYSND1/MAFB/MYH9	6
GO:0042100	BP	GO:0042100	B cell proliferation	4/100	103/18614	0.00230851509382462	0.0283123926450112	0.0216480835242157	IL7R/TLR4/ADA/CD19	4
GO:0006911	BP	GO:0006911	phagocytosis, engulfment	3/100	49/18614	0.002317097280801	0.0283123926450112	0.0216480835242157	ITGAM/ABCA1/MYH9	3
GO:0045933	BP	GO:0045933	positive regulation of muscle contraction	3/100	49/18614	0.002317097280801	0.0283123926450112	0.0216480835242157	PTAFR/ADA/PTGS2	3
GO:0140895	BP	GO:0140895	cell surface toll-like receptor signaling pathway	3/100	49/18614	0.002317097280801	0.0283123926450112	0.0216480835242157	TLR6/PJA2/TLR4	3
GO:0070371	BP	GO:0070371	ERK1 and ERK2 cascade	7/100	341/18614	0.00243059571479847	0.0295521934432922	0.0225960539614407	NOTCH2/PIN1/C5AR1/SLAMF1/CCR7/CIB1/TLR4	7
GO:1904894	BP	GO:1904894	positive regulation of receptor signaling pathway via STAT	3/100	50/18614	0.00245546122682837	0.0297074520841896	0.0227147670659156	IL10RA/CYP1B1/IL7R	3
GO:0042102	BP	GO:0042102	positive regulation of T cell proliferation	4/100	105/18614	0.00247566166424215	0.0298050247420525	0.0227893725955005	CD6/SLAMF1/CD3E/PPP3CA	4
GO:0072540	BP	GO:0072540	T-helper 17 cell lineage commitment	2/100	14/18614	0.00249307246849309	0.0298682243054587	0.0228376959373128	LY9/SLAMF6	2
GO:0042060	BP	GO:0042060	wound healing	8/100	439/18614	0.00252113622230909	0.0300578182620928	0.0229826623433798	NOTCH2/F5/TLN1/ITPK1/TLR4/MYH9/F13A1/PPP3CA	8
GO:0034767	BP	GO:0034767	positive regulation of monoatomic ion transmembrane transport	5/100	175/18614	0.00254322502446587	0.0301746891791699	0.0230720236137661	PTAFR/CTSS/PPP3R1/CD19/PPP3CA	5
GO:1904062	BP	GO:1904062	regulation of monoatomic cation transmembrane transport	7/100	346/18614	0.00263602213911919	0.0311253383349843	0.0237989043329385	BIN1/CTSS/HECW2/MMP9/PPP3R1/CD19/PPP3CA	7
GO:0032635	BP	GO:0032635	interleukin-6 production	5/100	178/18614	0.00273683696332125	0.0320079599138905	0.024473770138171	TLR8/TLR6/PTAFR/SLAMF1/TLR4	5
GO:0032675	BP	GO:0032675	regulation of interleukin-6 production	5/100	178/18614	0.00273683696332125	0.0320079599138905	0.024473770138171	TLR8/TLR6/PTAFR/SLAMF1/TLR4	5
GO:0006936	BP	GO:0006936	muscle contraction	7/100	349/18614	0.00276554427953033	0.032190411139936	0.0246132751044256	DSC2/BIN1/PTAFR/SOD1/GAA/ADA/PTGS2	7
GO:0007204	BP	GO:0007204	positive regulation of cytosolic calcium ion concentration	5/100	179/18614	0.00280368596907998	0.0324804374531153	0.0248350336089309	C5AR1/ITPR3/PTGER2/P2RY10/CD52	5
GO:0045986	BP	GO:0045986	negative regulation of smooth muscle contraction	2/100	15/18614	0.00286657307108848	0.0328986143111836	0.0251547779578054	SOD1/PTGS2	2
GO:1902563	BP	GO:1902563	regulation of neutrophil activation	2/100	15/18614	0.00286657307108848	0.0328986143111836	0.0251547779578054	PTAFR/ITGAM	2
GO:0071622	BP	GO:0071622	regulation of granulocyte chemotaxis	3/100	53/18614	0.00290086501053893	0.033137323097133	0.0253372983050254	C5AR1/SLAMF1/CCR7	3
GO:0031341	BP	GO:0031341	regulation of cell killing	4/100	110/18614	0.0029295836106858	0.0333104506844645	0.0254696742761378	ITGAM/IL7R/SLAMF6/CR1	4
GO:0003012	BP	GO:0003012	muscle system process	8/100	452/18614	0.00301393347837353	0.0336889283031759	0.0257590639863132	DSC2/BIN1/PTAFR/SOD1/GAA/ADA/PTGS2/PPP3CA	8
GO:0071216	BP	GO:0071216	cellular response to biotic stimulus	6/100	264/18614	0.00301591281273728	0.0336889283031759	0.0257590639863132	TLR6/PTAFR/NOTCH2/CD6/TLR4/ABCA1	6
GO:0046686	BP	GO:0046686	response to cadmium ion	3/100	54/18614	0.00305963311342933	0.0336889283031759	0.0257590639863132	MT1X/SOD1/MMP9	3
GO:1903170	BP	GO:1903170	negative regulation of calcium ion transmembrane transport	3/100	54/18614	0.00305963311342933	0.0336889283031759	0.0257590639863132	BIN1/PPP3R1/PPP3CA	3
GO:1904645	BP	GO:1904645	response to amyloid-beta	3/100	54/18614	0.00305963311342933	0.0336889283031759	0.0257590639863132	TLR6/MMP9/TLR4	3
GO:0042129	BP	GO:0042129	regulation of T cell proliferation	5/100	183/18614	0.00308295680595534	0.0336889283031759	0.0257590639863132	CD6/SLAMF1/CR1/CD3E/PPP3CA	5
GO:0007229	BP	GO:0007229	integrin-mediated signaling pathway	4/100	112/18614	0.00312608227598953	0.0336889283031759	0.0257590639863132	ITGAM/TLN1/ITGB7/MYH9	4
GO:0032611	BP	GO:0032611	interleukin-1 beta production	4/100	112/18614	0.00312608227598953	0.0336889283031759	0.0257590639863132	TLR8/TLR6/CCR7/TLR4	4
GO:0032651	BP	GO:0032651	regulation of interleukin-1 beta production	4/100	112/18614	0.00312608227598953	0.0336889283031759	0.0257590639863132	TLR8/TLR6/CCR7/TLR4	4
GO:0002706	BP	GO:0002706	regulation of lymphocyte mediated immunity	5/100	184/18614	0.0031558025613819	0.0336889283031759	0.0257590639863132	CD96/SLAMF1/IL7R/SLAMF6/CR1	5
GO:1902107	BP	GO:1902107	positive regulation of leukocyte differentiation	5/100	184/18614	0.0031558025613819	0.0336889283031759	0.0257590639863132	NOTCH2/IL7R/CR1/ADA/PPP3CA	5
GO:1903708	BP	GO:1903708	positive regulation of hemopoiesis	5/100	184/18614	0.0031558025613819	0.0336889283031759	0.0257590639863132	NOTCH2/IL7R/CR1/ADA/PPP3CA	5
GO:0002699	BP	GO:0002699	positive regulation of immune effector process	6/100	267/18614	0.0031884024536007	0.0336889283031759	0.0257590639863132	PTAFR/ITGAM/SLAMF1/SLAMF6/CR1/TLR4	6
GO:0010518	BP	GO:0010518	positive regulation of phospholipase activity	3/100	55/18614	0.00322364599899583	0.0336889283031759	0.0257590639863132	PTAFR/ITK/C5AR1	3
GO:0043647	BP	GO:0043647	inositol phosphate metabolic process	3/100	55/18614	0.00322364599899583	0.0336889283031759	0.0257590639863132	PTAFR/ITPK1/SYNJ1	3
GO:0061900	BP	GO:0061900	glial cell activation	3/100	55/18614	0.00322364599899583	0.0336889283031759	0.0257590639863132	C5AR1/MT1X/ITGAM	3
GO:1902991	BP	GO:1902991	regulation of amyloid precursor protein catabolic process	3/100	55/18614	0.00322364599899583	0.0336889283031759	0.0257590639863132	BIN1/PIN1/RTN3	3
GO:0006939	BP	GO:0006939	smooth muscle contraction	4/100	113/18614	0.00322762648737822	0.0336889283031759	0.0257590639863132	PTAFR/SOD1/ADA/PTGS2	4
GO:0032414	BP	GO:0032414	positive regulation of ion transmembrane transporter activity	4/100	113/18614	0.00322762648737822	0.0336889283031759	0.0257590639863132	PTAFR/CTSS/PPP3R1/PPP3CA	4
GO:0034134	BP	GO:0034134	toll-like receptor 2 signaling pathway	2/100	16/18614	0.00326464370364653	0.0336889283031759	0.0257590639863132	TLR6/PJA2	2
GO:0050862	BP	GO:0050862	positive regulation of T cell receptor signaling pathway	2/100	16/18614	0.00326464370364653	0.0336889283031759	0.0257590639863132	CCR7/ADA	2
GO:1905664	BP	GO:1905664	regulation of calcium ion import across plasma membrane	2/100	16/18614	0.00326464370364653	0.0336889283031759	0.0257590639863132	PPP3R1/PPP3CA	2
GO:0002526	BP	GO:0002526	acute inflammatory response	4/100	114/18614	0.00333139881260821	0.0340913145156907	0.0260667345688291	CD163/CD6/CCR7/PTGS2	4
GO:0032410	BP	GO:0032410	negative regulation of transporter activity	4/100	114/18614	0.00333139881260821	0.0340913145156907	0.0260667345688291	HECW2/MMP9/PPP3R1/PPP3CA	4
GO:0002752	BP	GO:0002752	cell surface pattern recognition receptor signaling pathway	3/100	56/18614	0.00339295847632014	0.0341520738436158	0.0261131920696943	TLR6/PJA2/TLR4	3
GO:0002823	BP	GO:0002823	negative regulation of adaptive immune response based on somatic recombination of immune receptors built from immunoglobulin superfamily domains	3/100	56/18614	0.00339295847632014	0.0341520738436158	0.0261131920696943	SLAMF1/IL7R/CR1	3
GO:0034205	BP	GO:0034205	amyloid-beta formation	3/100	56/18614	0.00339295847632014	0.0341520738436158	0.0261131920696943	BIN1/PIN1/RTN3	3
GO:0070231	BP	GO:0070231	T cell apoptotic process	3/100	56/18614	0.00339295847632014	0.0341520738436158	0.0261131920696943	DOCK8/IL7R/ADA	3
GO:0035710	BP	GO:0035710	CD4-positive, alpha-beta T cell activation	4/100	115/18614	0.00343742274715056	0.0344584092530685	0.0263474207558178	LY9/SLAMF6/CD3E/NKG7	4
GO:0002831	BP	GO:0002831	regulation of response to biotic stimulus	8/100	463/18614	0.00348708951250426	0.0348141944825629	0.0266194595220693	CD96/TLR8/TLR6/CTSS/PJA2/SLAMF6/CR1/TLR4	8
GO:0002221	BP	GO:0002221	pattern recognition receptor signaling pathway	5/100	189/18614	0.00353879297207756	0.0351873503620343	0.0269047801499525	TLR8/TLR6/CTSS/PJA2/TLR4	5
GO:0007566	BP	GO:0007566	embryo implantation	3/100	57/18614	0.00356762403740143	0.0353309864349109	0.0270146064631755	SOD1/MMP9/PTGS2	3
GO:0010038	BP	GO:0010038	response to metal ion	7/100	367/18614	0.00364855770552614	0.0359196759407882	0.0274647273608632	ITPR3/MT1X/SOD1/MMP9/SLC40A1/PTGS2/PPP3CA	7
GO:0071887	BP	GO:0071887	leukocyte apoptotic process	4/100	117/18614	0.00365631880504765	0.0359196759407882	0.0274647273608632	DOCK8/IL7R/CCR7/ADA	4
GO:0080154	BP	GO:0080154	regulation of fertilization	2/100	17/18614	0.00368701495230116	0.0360769271826759	0.0275849640381852	LHFPL2/MYH9	2
GO:0061005	BP	GO:0061005	cell differentiation involved in kidney development	3/100	58/18614	0.00374769487240213	0.0362623589117512	0.0277267479421242	NOTCH2/MMP9/BASP1	3
GO:0099024	BP	GO:0099024	plasma membrane invagination	3/100	58/18614	0.00374769487240213	0.0362623589117512	0.0277267479421242	ITGAM/ABCA1/MYH9	3
GO:0042113	BP	GO:0042113	B cell activation	6/100	276/18614	0.00375026024575928	0.0362623589117512	0.0277267479421242	NOTCH2/IL7R/CR1/TLR4/ADA/CD19	6
GO:0001818	BP	GO:0001818	negative regulation of cytokine production	7/100	371/18614	0.00387107136834639	0.0371220746340448	0.0283840995830344	CD96/TLR8/TLR6/SLAMF1/CCR7/CR1/TLR4	7
GO:0046632	BP	GO:0046632	alpha-beta T cell differentiation	4/100	119/18614	0.00388450010436754	0.0371220746340448	0.0283840995830344	ITK/LY9/SLAMF6/ADA	4
GO:0032412	BP	GO:0032412	regulation of monoatomic ion transmembrane transporter activity	6/100	278/18614	0.00388451676748758	0.0371220746340448	0.0283840995830344	PTAFR/CTSS/HECW2/MMP9/PPP3R1/PPP3CA	6
GO:0010574	BP	GO:0010574	regulation of vascular endothelial growth factor production	3/100	59/18614	0.00393322188475675	0.0371538190344715	0.0284083718316034	C5AR1/CYP1B1/PTGS2	3
GO:0070228	BP	GO:0070228	regulation of lymphocyte apoptotic process	3/100	59/18614	0.00393322188475675	0.0371538190344715	0.0284083718316034	DOCK8/IL7R/ADA	3
GO:2001258	BP	GO:2001258	negative regulation of cation channel activity	3/100	59/18614	0.00393322188475675	0.0371538190344715	0.0284083718316034	MMP9/PPP3R1/PPP3CA	3
GO:0002295	BP	GO:0002295	T-helper cell lineage commitment	2/100	18/18614	0.00413341953835891	0.0383082203253188	0.0292910445141302	LY9/SLAMF6	2
GO:0071318	BP	GO:0071318	cellular response to ATP	2/100	18/18614	0.00413341953835891	0.0383082203253188	0.0292910445141302	SOD1/PTGS2	2
GO:0072567	BP	GO:0072567	chemokine (C-X-C motif) ligand 2 production	2/100	18/18614	0.00413341953835891	0.0383082203253188	0.0292910445141302	TLR4/MCOLN2	2
GO:1901387	BP	GO:1901387	positive regulation of voltage-gated calcium channel activity	2/100	18/18614	0.00413341953835891	0.0383082203253188	0.0292910445141302	PPP3R1/PPP3CA	2
GO:2000341	BP	GO:2000341	regulation of chemokine (C-X-C motif) ligand 2 production	2/100	18/18614	0.00413341953835891	0.0383082203253188	0.0292910445141302	TLR4/MCOLN2	2
GO:0001906	BP	GO:0001906	cell killing	5/100	197/18614	0.00421949288558373	0.0387535101969676	0.0296315198831606	ITGAM/IL7R/SLAMF6/CR1/NKG7	5
GO:0034765	BP	GO:0034765	regulation of monoatomic ion transmembrane transport	8/100	478/18614	0.0042232113597986	0.0387535101969676	0.0296315198831606	BIN1/PTAFR/CTSS/HECW2/MMP9/PPP3R1/CD19/PPP3CA	8
GO:0002698	BP	GO:0002698	negative regulation of immune effector process	4/100	122/18614	0.00424458234649198	0.0387535101969676	0.0296315198831606	CD96/SLAMF1/IL7R/CR1	4
GO:0071675	BP	GO:0071675	regulation of mononuclear cell migration	4/100	122/18614	0.00424458234649198	0.0387535101969676	0.0296315198831606	DOCK8/C5AR1/SLAMF1/CCR7	4
GO:0002820	BP	GO:0002820	negative regulation of adaptive immune response	3/100	61/18614	0.00432084171132719	0.0388717481429289	0.0297219264045025	SLAMF1/IL7R/CR1	3
GO:0034113	BP	GO:0034113	heterotypic cell-cell adhesion	3/100	61/18614	0.00432084171132719	0.0388717481429289	0.0297219264045025	DSC2/SKAP1/ITGB7	3
GO:1903409	BP	GO:1903409	reactive oxygen species biosynthetic process	3/100	61/18614	0.00432084171132719	0.0388717481429289	0.0297219264045025	TLR6/SOD1/TLR4	3
GO:1905517	BP	GO:1905517	macrophage migration	3/100	61/18614	0.00432084171132719	0.0388717481429289	0.0297219264045025	C5AR1/SLAMF1/MCOLN2	3
GO:0002761	BP	GO:0002761	regulation of myeloid leukocyte differentiation	4/100	123/18614	0.00436944961346403	0.0391655775571813	0.0299465928175944	NOTCH2/TLR4/MAFB/PPP3CA	4
GO:0032411	BP	GO:0032411	positive regulation of transporter activity	4/100	124/18614	0.00449677407998016	0.0396716585874238	0.0303335500257004	PTAFR/CTSS/PPP3R1/PPP3CA	4
GO:0071248	BP	GO:0071248	cellular response to metal ion	5/100	200/18614	0.00449734470642452	0.0396716585874238	0.0303335500257004	MT1X/SOD1/MMP9/SLC40A1/PTGS2	5
GO:0043030	BP	GO:0043030	regulation of macrophage activation	3/100	62/18614	0.00452303003285291	0.0396716585874238	0.0303335500257004	TLR6/PJA2/TLR4	3
GO:0045428	BP	GO:0045428	regulation of nitric oxide biosynthetic process	3/100	62/18614	0.00452303003285291	0.0396716585874238	0.0303335500257004	TLR6/TLR4/PTGS2	3
GO:0097553	BP	GO:0097553	calcium ion transmembrane import into cytosol	5/100	201/18614	0.00459279415230798	0.0396716585874238	0.0303335500257004	CCR7/PPP3R1/MCOLN2/CD19/PPP3CA	5
GO:0002283	BP	GO:0002283	neutrophil activation involved in immune response	2/100	19/18614	0.00460359230350806	0.0396716585874238	0.0303335500257004	PTAFR/ITGAM	2
GO:0002755	BP	GO:0002755	MyD88-dependent toll-like receptor signaling pathway	2/100	19/18614	0.00460359230350806	0.0396716585874238	0.0303335500257004	TLR6/TLR4	2
GO:0010759	BP	GO:0010759	positive regulation of macrophage chemotaxis	2/100	19/18614	0.00460359230350806	0.0396716585874238	0.0303335500257004	C5AR1/SLAMF1	2
GO:0016082	BP	GO:0016082	synaptic vesicle priming	2/100	19/18614	0.00460359230350806	0.0396716585874238	0.0303335500257004	STXBP5/SYNJ1	2
GO:0032930	BP	GO:0032930	positive regulation of superoxide anion generation	2/100	19/18614	0.00460359230350806	0.0396716585874238	0.0303335500257004	ITGAM/SOD1	2
GO:0098543	BP	GO:0098543	detection of other organism	2/100	19/18614	0.00460359230350806	0.0396716585874238	0.0303335500257004	TLR6/TLR4	2
GO:0002456	BP	GO:0002456	T cell mediated immunity	4/100	125/18614	0.0046265778932543	0.0397303332371768	0.0303784135501129	SLAMF1/IL7R/CR1/CD8A	4
GO:0022898	BP	GO:0022898	regulation of transmembrane transporter activity	6/100	289/18614	0.00468769565314507	0.0397911159374674	0.030424888921842	PTAFR/CTSS/HECW2/MMP9/PPP3R1/PPP3CA	6
GO:0071674	BP	GO:0071674	mononuclear cell migration	5/100	202/18614	0.00468967919707974	0.0397911159374674	0.030424888921842	DOCK8/C5AR1/SLAMF1/CCR7/ITGB7	5
GO:0002683	BP	GO:0002683	negative regulation of immune system process	8/100	487/18614	0.00471929065635611	0.0397911159374674	0.030424888921842	CD96/TLR6/SLAMF1/IL7R/CR1/TLR4/ADA/MAFB	8
GO:0010573	BP	GO:0010573	vascular endothelial growth factor production	3/100	63/18614	0.00473086557562723	0.0397911159374674	0.030424888921842	C5AR1/CYP1B1/PTGS2	3
GO:0032731	BP	GO:0032731	positive regulation of interleukin-1 beta production	3/100	63/18614	0.00473086557562723	0.0397911159374674	0.030424888921842	TLR8/TLR6/TLR4	3
GO:0070542	BP	GO:0070542	response to fatty acid	3/100	63/18614	0.00473086557562723	0.0397911159374674	0.030424888921842	PTAFR/PDK4/PTGS2	3
GO:0002819	BP	GO:0002819	regulation of adaptive immune response	5/100	205/18614	0.00498906462727001	0.0418195997425773	0.0319758983116569	SKAP1/SLAMF1/IL7R/CR1/ADA	5
GO:1900227	BP	GO:1900227	positive regulation of NLRP3 inflammasome complex assembly	2/100	20/18614	0.00509727019512263	0.0423334527211143	0.0323687980689474	TLR6/TLR4	2
GO:0010324	BP	GO:0010324	membrane invagination	3/100	65/18614	0.00516365589283535	0.0423334527211143	0.0323687980689474	ITGAM/ABCA1/MYH9	3
GO:0031663	BP	GO:0031663	lipopolysaccharide-mediated signaling pathway	3/100	65/18614	0.00516365589283535	0.0423334527211143	0.0323687980689474	PTAFR/CD6/TLR4	3
GO:0050435	BP	GO:0050435	amyloid-beta metabolic process	3/100	65/18614	0.00516365589283535	0.0423334527211143	0.0323687980689474	BIN1/PIN1/RTN3	3
GO:0080164	BP	GO:0080164	regulation of nitric oxide metabolic process	3/100	65/18614	0.00516365589283535	0.0423334527211143	0.0323687980689474	TLR6/TLR4/PTGS2	3
GO:0032874	BP	GO:0032874	positive regulation of stress-activated MAPK cascade	4/100	129/18614	0.00517102435518498	0.0423334527211143	0.0323687980689474	SLAMF1/CCR7/PJA2/TLR4	4
GO:0046683	BP	GO:0046683	response to organophosphorus	4/100	129/18614	0.00517102435518498	0.0423334527211143	0.0323687980689474	PTAFR/CYP1B1/SOD1/PTGS2	4
GO:0050864	BP	GO:0050864	regulation of B cell activation	4/100	130/18614	0.0053135518791262	0.0433557588542656	0.0331504687965068	CR1/TLR4/ADA/CD19	4
GO:0010517	BP	GO:0010517	regulation of phospholipase activity	3/100	66/18614	0.0053886964681674	0.0436695077314576	0.033390365932162	PTAFR/ITK/C5AR1	3
GO:2001259	BP	GO:2001259	positive regulation of cation channel activity	3/100	66/18614	0.0053886964681674	0.0436695077314576	0.033390365932162	CTSS/PPP3R1/PPP3CA	3
GO:0002758	BP	GO:0002758	innate immune response-activating signaling pathway	5/100	209/18614	0.00540904982412415	0.0436695077314576	0.033390365932162	TLR8/TLR6/CTSS/PJA2/TLR4	5
GO:0032612	BP	GO:0032612	interleukin-1 production	4/100	131/18614	0.0054586884664322	0.0436695077314576	0.033390365932162	TLR8/TLR6/CCR7/TLR4	4
GO:0032652	BP	GO:0032652	regulation of interleukin-1 production	4/100	131/18614	0.0054586884664322	0.0436695077314576	0.033390365932162	TLR8/TLR6/CCR7/TLR4	4
GO:0070304	BP	GO:0070304	positive regulation of stress-activated protein kinase signaling cascade	4/100	131/18614	0.0054586884664322	0.0436695077314576	0.033390365932162	SLAMF1/CCR7/PJA2/TLR4	4
GO:0045089	BP	GO:0045089	positive regulation of innate immune response	6/100	300/18614	0.00560730360137423	0.0440946622286357	0.0337154454894077	TLR8/TLR6/CTSS/PJA2/SLAMF6/TLR4	6
GO:0002888	BP	GO:0002888	positive regulation of myeloid leukocyte mediated immunity	2/100	21/18614	0.00561419225166057	0.0440946622286357	0.0337154454894077	PTAFR/ITGAM	2
GO:0007398	BP	GO:0007398	ectoderm development	2/100	21/18614	0.00561419225166057	0.0440946622286357	0.0337154454894077	ITGAM/ETS2	2
GO:0043373	BP	GO:0043373	CD4-positive, alpha-beta T cell lineage commitment	2/100	21/18614	0.00561419225166057	0.0440946622286357	0.0337154454894077	LY9/SLAMF6	2
GO:1903428	BP	GO:1903428	positive regulation of reactive oxygen species biosynthetic process	2/100	21/18614	0.00561419225166057	0.0440946622286357	0.0337154454894077	TLR6/TLR4	2
GO:0060193	BP	GO:0060193	positive regulation of lipase activity	3/100	67/18614	0.0056195558947732	0.0440946622286357	0.0337154454894077	PTAFR/ITK/C5AR1	3
GO:0042987	BP	GO:0042987	amyloid precursor protein catabolic process	3/100	68/18614	0.0058562741533336	0.0458057621674755	0.0350237783759542	BIN1/PIN1/RTN3	3
GO:0045637	BP	GO:0045637	regulation of myeloid cell differentiation	5/100	214/18614	0.00596850655367511	0.0464184739858561	0.0354922670970201	NOTCH2/CIB1/TLR4/MAFB/PPP3CA	5
GO:0048872	BP	GO:0048872	homeostasis of number of cells	6/100	304/18614	0.00597240951935281	0.0464184739858561	0.0354922670970201	IL7R/CCR7/SOD1/ADA/SLC40A1/MAFB	6
GO:0032835	BP	GO:0032835	glomerulus development	3/100	69/18614	0.00609889008158102	0.0467940203978645	0.0357794155622279	NOTCH2/BASP1/PPP3CA	3
GO:0030220	BP	GO:0030220	platelet formation	2/100	22/18614	0.00615409958815563	0.0467940203978645	0.0357794155622279	CIB1/MYH9	2
GO:0032928	BP	GO:0032928	regulation of superoxide anion generation	2/100	22/18614	0.00615409958815563	0.0467940203978645	0.0357794155622279	ITGAM/SOD1	2
GO:0045061	BP	GO:0045061	thymic T cell selection	2/100	22/18614	0.00615409958815563	0.0467940203978645	0.0357794155622279	CCR7/CD3E	2
GO:0061318	BP	GO:0061318	renal filtration cell differentiation	2/100	22/18614	0.00615409958815563	0.0467940203978645	0.0357794155622279	NOTCH2/BASP1	2
GO:0072112	BP	GO:0072112	podocyte differentiation	2/100	22/18614	0.00615409958815563	0.0467940203978645	0.0357794155622279	NOTCH2/BASP1	2
GO:1901386	BP	GO:1901386	negative regulation of voltage-gated calcium channel activity	2/100	22/18614	0.00615409958815563	0.0467940203978645	0.0357794155622279	PPP3R1/PPP3CA	2
GO:0001909	BP	GO:0001909	leukocyte mediated cytotoxicity	4/100	139/18614	0.00671620205820067	0.0499887942354743	0.0382221879462053	ITGAM/IL7R/SLAMF6/NKG7	4
GO:0046328	BP	GO:0046328	regulation of JNK cascade	4/100	139/18614	0.00671620205820067	0.0499887942354743	0.0382221879462053	SLAMF1/CCR7/PJA2/TLR4	4
GO:0002363	BP	GO:0002363	alpha-beta T cell lineage commitment	2/100	23/18614	0.00671673538180233	0.0499887942354743	0.0382221879462053	LY9/SLAMF6	2
GO:0032727	BP	GO:0032727	positive regulation of interferon-alpha production	2/100	23/18614	0.00671673538180233	0.0499887942354743	0.0382221879462053	TLR8/TLR4	2
GO:0046716	BP	GO:0046716	muscle cell cellular homeostasis	2/100	23/18614	0.00671673538180233	0.0499887942354743	0.0382221879462053	SOD1/GAA	2
GO:0050855	BP	GO:0050855	regulation of B cell receptor signaling pathway	2/100	23/18614	0.00671673538180233	0.0499887942354743	0.0382221879462053	PRKCH/CD19	2
GO:0072311	BP	GO:0072311	glomerular epithelial cell differentiation	2/100	23/18614	0.00671673538180233	0.0499887942354743	0.0382221879462053	NOTCH2/BASP1	2
GO:0009897	CC	GO:0009897	external side of plasma membrane	16/105	426/19518	1.0629710189072e-09	2.6999463880243e-07	2.33853624159585e-07	IL21R/TLR8/CD163/LY9/ITGAM/SLAMF1/IL7R/SLAMF6/IL2RB/TLR4/ABCA1/ADA/CA4/CD3E/CD19/CD8A	16
GO:0030667	CC	GO:0030667	secretory granule membrane	11/105	319/19518	1.18970715763943e-06	0.000151092809020208	0.000130867787340338	PTAFR/C5AR1/ITPR3/CKAP4/LHFPL2/ITGAM/STXBP5/GAA/CR1/IGF2R/CA4	11
GO:0044853	CC	GO:0044853	plasma membrane raft	6/105	114/19518	3.49807137721579e-05	0.00269571529465604	0.00233487151505641	MAL/SKAP1/ITGAM/CR1/PTGS2/CD8A	6
GO:0098802	CC	GO:0098802	plasma membrane signaling receptor complex	9/105	319/19518	5.65010555700712e-05	0.00269571529465604	0.00233487151505641	CD247/SKAP1/TLR6/ITGAM/STXBP5/IL2RB/ITGB7/CD3E/CD8A	9
GO:0045121	CC	GO:0045121	membrane raft	9/105	323/19518	6.21844551546122e-05	0.00269571529465604	0.00233487151505641	MAL/SKAP1/TLR6/ITGAM/CR1/ABCA1/CD19/PTGS2/CD8A	9
GO:0098857	CC	GO:0098857	membrane microdomain	9/105	324/19518	6.36783140469931e-05	0.00269571529465604	0.00233487151505641	MAL/SKAP1/TLR6/ITGAM/CR1/ABCA1/CD19/PTGS2/CD8A	9
GO:0001772	CC	GO:0001772	immunological synapse	4/105	43/19518	8.3043045295276e-05	0.00301327621500001	0.00260992428070867	SKAP1/CD6/MYH9/CD3E	4
GO:0070820	CC	GO:0070820	tertiary granule	6/105	164/19518	0.000260250928591759	0.00826296698278836	0.00715690053627338	PTAFR/CTSS/ITGAM/GAA/MMP9/CR1	6
GO:0101002	CC	GO:0101002	ficolin-1-rich granule	6/105	185/19518	0.000494970346709629	0.0139691631182495	0.0120992751417909	CTSS/CTSZ/SRP14/GAA/MMP9/CR1	6
GO:0042105	CC	GO:0042105	alpha-beta T cell receptor complex	2/105	12/19518	0.00182657944517237	0.0463951179073781	0.040184747793792	CD247/CD3E	2
GO:0140375	MF	GO:0140375	immune receptor activity	7/99	141/18369	1.11754626544494e-05	0.00320735778182699	0.00283503842076033	IL21R/C5AR1/IL10RA/IL7R/CCR7/IL2RB/CR1	7
GO:0004896	MF	GO:0004896	cytokine receptor activity	5/99	92/18369	0.000139392419878788	0.0200028122526061	0.0176808279951515	IL21R/IL10RA/IL7R/CCR7/IL2RB	5
GO:0038187	MF	GO:0038187	pattern recognition receptor activity	3/99	27/18369	0.00040432982036234	0.0386808861479972	0.0341906970902891	TLR8/PTAFR/TLR4	3
