ID	Description	GeneRatio	BgRatio	pvalue	p.adjust	qvalue	geneID	Count
hsa05340	Primary immunodeficiency	5/70	38/8842	1.10272294792167e-05	0.00202901022417587	0.0017295338867403	IL7R/ADA/CD3E/CD19/CD8A	5
hsa05152	Tuberculosis	8/70	180/8842	8.11836201327555e-05	0.00507008785925788	0.00432175681366947	TLR6/CTSS/IL10RA/ITGAM/CR1/TLR4/PPP3R1/PPP3CA	8
hsa04658	Th1 and Th2 cell differentiation	6/70	92/8842	8.2664475966161e-05	0.00507008785925788	0.00432175681366947	CD247/NOTCH2/IL2RB/PPP3R1/CD3E/PPP3CA	6
hsa04640	Hematopoietic cell lineage	6/70	99/8842	0.000124378885082896	0.00572142871381323	0.00487696154667146	ITGAM/IL7R/CR1/CD3E/CD19/CD8A	6
hsa04659	Th17 cell differentiation	6/70	108/8842	0.000200872338100227	0.00739210204208834	0.00630104807935448	CD247/IL21R/IL2RB/PPP3R1/CD3E/PPP3CA	6
hsa04660	T cell receptor signaling pathway	6/70	122/8842	0.000389043811582656	0.0119306768885348	0.0101697417413712	CD247/ITK/PPP3R1/CD3E/CD8A/PPP3CA	6
hsa04610	Complement and coagulation cascades	5/70	88/8842	0.000633868584526177	0.0161570461696971	0.0137723105222246	C5AR1/ITGAM/F5/CR1/F13A1	5
hsa05235	PD-L1 expression and PD-1 checkpoint pathway in cancer	5/70	90/8842	0.000702480268247699	0.0161570461696971	0.0137723105222246	CD247/TLR4/PPP3R1/CD3E/PPP3CA	5
hsa04924	Renin secretion	4/70	69/8842	0.00211414374558174	0.0432224943541155	0.0368429728762197	ITPR3/PTGER2/PPP3R1/PPP3CA	4
hsa05140	Leishmaniasis	4/70	77/8842	0.0031563196897913	0.0580762822921599	0.0495043825030425	ITGAM/CR1/TLR4/PTGS2	4
hsa04613	Neutrophil extracellular trap formation	6/70	192/8842	0.00401463416603605	0.0671538805955121	0.0572421522238633	TLR8/C5AR1/ITGAM/CR1/TLR4/PADI4	6
hsa05170	Human immunodeficiency virus 1 infection	6/70	213/8842	0.0066269962217056	0.099791548551564	0.0850625900124888	CD247/ITPR3/TLR4/PPP3R1/CD3E/PPP3CA	6
hsa05417	Lipid and atherosclerosis	6/70	216/8842	0.00708226099665686	0.099791548551564	0.0850625900124888	TLR6/MMP9/TLR4/ABCA1/PPP3R1/PPP3CA	6
hsa05166	Human T-cell leukemia virus 1 infection	6/70	223/8842	0.00823249457638422	0.099791548551564	0.0850625900124888	ETS2/TLN1/IL2RB/PPP3R1/CD3E/PPP3CA	6
hsa05163	Human cytomegalovirus infection	6/70	226/8842	0.00876459666859592	0.099791548551564	0.0850625900124888	ITPR3/IL10RA/PTGER2/PPP3R1/PTGS2/PPP3CA	6
hsa05142	Chagas disease	4/70	103/8842	0.00884498617863098	0.099791548551564	0.0850625900124888	CD247/TLR6/TLR4/CD3E	4
hsa04625	C-type lectin receptor signaling pathway	4/70	105/8842	0.00945118451671888	0.099791548551564	0.0850625900124888	ITPR3/PPP3R1/PTGS2/PPP3CA	4
hsa05134	Legionellosis	3/70	56/8842	0.00976221670613126	0.099791548551564	0.0850625900124888	ITGAM/CR1/TLR4	3
hsa04370	VEGF signaling pathway	3/70	60/8842	0.011784140553909	0.11412009799575	0.0972762849048441	PPP3R1/PTGS2/PPP3CA	3
hsa04720	Long-term potentiation	3/70	67/8842	0.0158631636711321	0.145941105774415	0.12440059931572	ITPR3/PPP3R1/PPP3CA	3
hsa04142	Lysosome	4/70	132/8842	0.0203891947212283	0.178648182319334	0.152280201176091	CTSS/CTSZ/GAA/IGF2R	4
hsa05162	Measles	4/70	139/8842	0.0241214055573089	0.201742664661129	0.17196600134158	SLAMF1/IL2RB/TLR4/CD3E	4
hsa00052	Galactose metabolism	2/70	32/8842	0.0262992689040085	0.210394151232068	0.179340552251591	GAA/HK2	2
hsa04921	Oxytocin signaling pathway	4/70	154/8842	0.0334420130301843	0.234334888434672	0.199747702384246	ITPR3/PPP3R1/PTGS2/PPP3CA	4
hsa04662	B cell receptor signaling pathway	3/70	91/8842	0.0351985852732088	0.234334888434672	0.199747702384246	PPP3R1/CD19/PPP3CA	3
hsa04145	Phagosome	4/70	157/8842	0.0355266487709805	0.234334888434672	0.199747702384246	TLR6/CTSS/ITGAM/TLR4	4
hsa04514	Cell adhesion molecules	4/70	157/8842	0.0355266487709805	0.234334888434672	0.199747702384246	CD6/ITGAM/ITGB7/CD8A	4
hsa04820	Cytoskeleton in muscle cells	5/70	232/8842	0.0363211355043554	0.234334888434672	0.199747702384246	DSC2/TLN1/ITGB7/MYH9/DAAM2	5
hsa00524	Neomycin, kanamycin and gentamicin biosynthesis	1/70	5/8842	0.0389706720821256	0.234334888434672	0.199747702384246	HK2	1
hsa00500	Starch and sucrose metabolism	2/70	40/8842	0.0397226412293147	0.234334888434672	0.199747702384246	GAA/HK2	2
hsa04070	Phosphatidylinositol signaling system	3/70	98/8842	0.0423930324635538	0.234334888434672	0.199747702384246	ITPR3/ITPK1/SYNJ1	3
hsa04750	Inflammatory mediator regulation of TRP channels	3/70	99/8842	0.0434768667524699	0.234334888434672	0.199747702384246	ITPR3/PRKCH/PTGER2	3
hsa04630	JAK-STAT signaling pathway	4/70	168/8842	0.0438066486691667	0.234334888434672	0.199747702384246	IL21R/IL10RA/IL7R/IL2RB	4
hsa04061	Viral protein interaction with cytokine and cytokine receptor	3/70	100/8842	0.0445745711696387	0.234334888434672	0.199747702384246	IL10RA/CCR7/IL2RB	3
hsa05150	Staphylococcus aureus infection	3/70	100/8842	0.0445745711696387	0.234334888434672	0.199747702384246	PTAFR/C5AR1/ITGAM	3
hsa04020	Calcium signaling pathway	5/70	254/8842	0.0502843199596642	0.257008746460506	0.219074961227777	PTAFR/ITPR3/PPP3R1/MCOLN2/PPP3CA	5
hsa04922	Glucagon signaling pathway	3/70	107/8842	0.0526422231933616	0.261788353177798	0.223149111118375	ITPR3/PPP3R1/PPP3CA	3
hsa04620	Toll-like receptor signaling pathway	3/70	109/8842	0.0550688097605344	0.266648973577324	0.227292317294172	TLR8/TLR6/TLR4	3
hsa05144	Malaria	2/70	50/8842	0.0593336407827965	0.271629889713647	0.231538063886347	CR1/TLR4	2
hsa04913	Ovarian steroidogenesis	2/70	51/8842	0.0614475544988326	0.271629889713647	0.231538063886347	CYP1B1/PTGS2	2
hsa04621	NOD-like receptor signaling pathway	4/70	189/8842	0.0623899237768843	0.271629889713647	0.231538063886347	ANTXR2/RNASEL/ITPR3/TLR4	4
hsa04724	Glutamatergic synapse	3/70	115/8842	0.0626647660623661	0.271629889713647	0.231538063886347	ITPR3/PPP3R1/PPP3CA	3
hsa04670	Leukocyte transendothelial migration	3/70	116/8842	0.0639761191309143	0.271629889713647	0.231538063886347	ITK/ITGAM/MMP9	3
hsa05202	Transcriptional misregulation in cancer	4/70	193/8842	0.066338158908721	0.271629889713647	0.231538063886347	ITGAM/MMP9/IL2RB/ITGB7	4
hsa05020	Prion disease	5/70	278/8842	0.0686969373814681	0.271629889713647	0.231538063886347	ITPR3/NDUFB11/SOD1/PPP3R1/PPP3CA	5
hsa03266	Virion - Herpesvirus	1/70	9/8842	0.0690659990230125	0.271629889713647	0.231538063886347	IGF2R	1
hsa05167	Kaposi sarcoma-associated herpesvirus infection	4/70	196/8842	0.0693837218290295	0.271629889713647	0.231538063886347	ITPR3/PPP3R1/PTGS2/PPP3CA	4
hsa04978	Mineral absorption	2/70	61/8842	0.0839102541205232	0.312801181078562	0.266632585701978	MT1X/SLC40A1	2
hsa04060	Cytokine-cytokine receptor interaction	5/70	298/8842	0.0865678158605268	0.312801181078562	0.266632585701978	IL21R/IL10RA/IL7R/CCR7/IL2RB	5
hsa05010	Alzheimer disease	6/70	391/8842	0.0883849531786475	0.312801181078562	0.266632585701978	ITPR3/NDUFB11/PPP3R1/PTGS2/RTN3/PPP3CA	6
hsa04270	Vascular smooth muscle contraction	3/70	134/8842	0.0896835002761689	0.312801181078562	0.266632585701978	ITPR3/PRKCH/MYH9	3
hsa03265	Virion - Ebolavirus, Lyssavirus and Morbillivirus	1/70	12/8842	0.0910260065843908	0.312801181078562	0.266632585701978	SLAMF1	1
hsa04650	Natural killer cell mediated cytotoxicity	3/70	135/8842	0.0912230918560412	0.312801181078562	0.266632585701978	CD247/PPP3R1/PPP3CA	3
hsa04210	Apoptosis	3/70	136/8842	0.0927738099445577	0.312801181078562	0.266632585701978	CTSS/ITPR3/CTSZ	3
hsa05321	Inflammatory bowel disease	2/70	65/8842	0.0935003530397874	0.312801181078562	0.266632585701978	IL21R/TLR4	2
hsa04114	Oocyte meiosis	3/70	139/8842	0.0974917837545825	0.314710319488477	0.268259940525075	ITPR3/PPP3R1/PPP3CA	3
hsa04915	Estrogen signaling pathway	3/70	139/8842	0.0974917837545825	0.314710319488477	0.268259940525075	ITPR3/MMP9/NCOA1	3
hsa04380	Osteoclast differentiation	3/70	142/8842	0.102306490885955	0.322442060762738	0.274850498018581	ITPR3/PPP3R1/PPP3CA	3
hsa05031	Amphetamine addiction	2/70	69/8842	0.103391747744574	0.322442060762738	0.274850498018581	PPP3R1/PPP3CA	2
hsa05204	Chemical carcinogenesis - DNA adducts	2/70	71/8842	0.108441750570573	0.332554701749758	0.283470540965183	CYP1B1/PTGS2	2
hsa00562	Inositol phosphate metabolism	2/70	73/8842	0.113556836597798	0.338032701470825	0.288140002969982	ITPK1/SYNJ1	2
hsa04723	Retrograde endocannabinoid signaling	3/70	149/8842	0.113902323321691	0.338032701470825	0.288140002969982	ITPR3/NDUFB11/PTGS2	3
hsa05171	Coronavirus disease - COVID-19	4/70	238/8842	0.119233446376196	0.348237367193969	0.296838488054356	TLR8/C5AR1/TLR4/F13A1	4
hsa04148	Efferocytosis	3/70	156/8842	0.125976885997237	0.350805347215217	0.299027441276129	ABCA1/PTGER2/PTGS2	3
hsa00910	Nitrogen metabolism	1/70	17/8842	0.126496721762187	0.350805347215217	0.299027441276129	CA4	1
hsa05133	Pertussis	2/70	78/8842	0.126608273782599	0.350805347215217	0.299027441276129	ITGAM/TLR4	2
hsa04218	Cellular senescence	3/70	157/8842	0.127738903605541	0.350805347215217	0.299027441276129	ITPR3/PPP3R1/PPP3CA	3
hsa04612	Antigen processing and presentation	2/70	80/8842	0.131926227106199	0.356976849816774	0.304288047040614	CTSS/CD8A	2
hsa05131	Shigellosis	4/70	249/8842	0.134339413314013	0.358238435504034	0.305363426144743	ITPR3/TLN1/TLR4/HK2	4
hsa04022	cGMP-PKG signaling pathway	3/70	166/8842	0.143988411929771	0.378483825643969	0.322620652293772	ITPR3/PPP3R1/PPP3CA	3
hsa05412	Arrhythmogenic right ventricular cardiomyopathy	2/70	86/8842	0.14817572036256	0.384004683756493	0.327326646909139	DSC2/ITGB7	2
hsa00770	Pantothenate and CoA biosynthesis	1/70	21/8842	0.153887866102058	0.393268991149703	0.335223567970857	VNN2	1
hsa04151	PI3K-Akt signaling pathway	5/70	362/8842	0.158120220713154	0.395307302354719	0.336961030039205	IL7R/IL2RB/ITGB7/TLR4/CD19	5
hsa04310	Wnt signaling pathway	3/70	174/8842	0.158982284642659	0.395307302354719	0.336961030039205	PPP3R1/DAAM2/PPP3CA	3
hsa04964	Proximal tubule bicarbonate reclamation	1/70	23/8842	0.167264167159168	0.410354756763824	0.349787521497768	CA4	1
hsa05014	Amyotrophic lateral sclerosis	5/70	371/8842	0.169747406359021	0.410967404869209	0.350309744425126	ITPR3/NDUFB11/SOD1/PPP3R1/PPP3CA	5
hsa04657	IL-17 signaling pathway	2/70	95/8842	0.17325069298986	0.414001655975769	0.352896148400398	MMP9/PTGS2	2
hsa05022	Pathways of neurodegeneration - multiple diseases	6/70	483/8842	0.182217219283028	0.429845748052271	0.366401695994212	ITPR3/NDUFB11/SOD1/PPP3R1/PTGS2/PPP3CA	6
hsa01522	Endocrine resistance	2/70	99/8842	0.184612597918764	0.429983772367754	0.366519348299744	NOTCH2/MMP9	2
hsa05146	Amoebiasis	2/70	103/8842	0.196081653649204	0.45098780339317	0.384423242022782	ITGAM/TLR4	2
hsa04064	NF-kappa B signaling pathway	2/70	105/8842	0.201850856707722	0.458525402891615	0.390848312533471	TLR4/PTGS2	2
hsa04066	HIF-1 signaling pathway	2/70	109/8842	0.213448130836225	0.467393275436527	0.398407311441891	TLR4/HK2	2
hsa05169	Epstein-Barr virus infection	3/70	203/8842	0.216842544315655	0.467393275436527	0.398407311441891	CD247/CD3E/CD19	3
hsa03060	Protein export	1/70	31/8842	0.218716224233969	0.467393275436527	0.398407311441891	SRP14	1
hsa05205	Proteoglycans in cancer	3/70	204/8842	0.218916994163804	0.467393275436527	0.398407311441891	ITPR3/MMP9/TLR4	3
hsa05145	Toxoplasmosis	2/70	111/8842	0.219272184465172	0.467393275436527	0.398407311441891	IL10RA/TLR4	2
hsa05415	Diabetic cardiomyopathy	3/70	205/8842	0.220995733494445	0.467393275436527	0.398407311441891	PDK4/NDUFB11/MMP9	3
hsa04726	Serotonergic synapse	2/70	115/8842	0.230961504727359	0.474383510736051	0.404365807206359	ITPR3/PTGS2	2
hsa04928	Parathyroid hormone synthesis, secretion and action	2/70	115/8842	0.230961504727359	0.474383510736051	0.404365807206359	ITPR3/MAFB	2
hsa05206	MicroRNAs in cancer	4/70	312/8842	0.23348422897155	0.474383510736051	0.404365807206359	NOTCH2/CYP1B1/MMP9/PTGS2	4
hsa04015	Rap1 signaling pathway	3/70	212/8842	0.235659199258741	0.474383510736051	0.404365807206359	SKAP1/ITGAM/TLN1	3
hsa00051	Fructose and mannose metabolism	1/70	34/8842	0.237191755368026	0.474383510736051	0.404365807206359	HK2	1
hsa04668	TNF signaling pathway	2/70	119/8842	0.242693584546511	0.480167952221054	0.409296481012226	MMP9/PTGS2	2
hsa04919	Thyroid hormone signaling pathway	2/70	122/8842	0.251512315144007	0.492321978579759	0.419656606455286	NOTCH2/NCOA1	2
hsa01250	Biosynthesis of nucleotide sugars	1/70	37/8842	0.255236479146143	0.494352759609372	0.421387649781444	HK2	1
hsa04611	Platelet activation	2/70	125/8842	0.260341700638494	0.498988259557114	0.425338962665961	ITPR3/TLN1	2
hsa05208	Chemical carcinogenesis - reactive oxygen species	3/70	226/8842	0.26547789066044	0.503586926613618	0.429258879092844	NDUFB11/CYP1B1/SOD1	3
hsa04810	Regulation of actin cytoskeleton	3/70	230/8842	0.274091585999423	0.508019471441782	0.433037192476118	ITGAM/ITGB7/MYH9	3
hsa05219	Bladder cancer	1/70	41/8842	0.278643050325669	0.508019471441782	0.433037192476118	MMP9	1
hsa04728	Dopaminergic synapse	2/70	132/8842	0.280955606960169	0.508019471441782	0.433037192476118	ITPR3/PPP3CA	2
hsa00380	Tryptophan metabolism	1/70	42/8842	0.284380464991867	0.508019471441782	0.433037192476118	CYP1B1	1
hsa00513	Various types of N-glycan biosynthesis	1/70	42/8842	0.284380464991867	0.508019471441782	0.433037192476118	MAN2A2	1
hsa04216	Ferroptosis	1/70	42/8842	0.284380464991867	0.508019471441782	0.433037192476118	SLC40A1	1
hsa04975	Fat digestion and absorption	1/70	43/8842	0.29007289311125	0.513205887812211	0.437458108032148	ABCA1	1
hsa00190	Oxidative phosphorylation	2/70	138/8842	0.298600518237757	0.518164941114435	0.441685218684502	NDUFB11/PPA1	2
hsa05135	Yersinia infection	2/70	138/8842	0.298600518237757	0.518164941114435	0.441685218684502	TLR4/CD8A	2
hsa02010	ABC transporters	1/70	45/8842	0.301324177713286	0.518164941114435	0.441685218684502	ABCA1	1
hsa04930	Type II diabetes mellitus	1/70	47/8842	0.31239965378244	0.532236447184897	0.453679809099254	HK2	1
hsa04936	Alcoholic liver disease	2/70	144/8842	0.316185389119728	0.533744143101193	0.454964973238431	C5AR1/TLR4	2
hsa04144	Endocytosis	3/70	252/8842	0.321900173355328	0.534454353444688	0.455570358485461	BIN1/IL2RB/IGF2R	3
hsa04672	Intestinal immune network for IgA production	1/70	49/8842	0.323302029240214	0.534454353444688	0.455570358485461	ITGB7	1
hsa05224	Breast cancer	2/70	148/8842	0.327859183922047	0.534454353444688	0.455570358485461	NOTCH2/NCOA1	2
hsa00520	Amino sugar and nucleotide sugar metabolism	1/70	50/8842	0.328689139208732	0.534454353444688	0.455570358485461	HK2	1
hsa04080	Neuroactive ligand-receptor interaction	4/70	368/8842	0.332798178099499	0.534454353444688	0.455570358485461	PTAFR/C5AR1/PTGER2/P2RY10	4
hsa04979	Cholesterol metabolism	1/70	51/8842	0.33403397090293	0.534454353444688	0.455570358485461	ABCA1	1
hsa04973	Carbohydrate digestion and absorption	1/70	52/8842	0.339336851353027	0.538258453870318	0.45881298413431	HK2	1
hsa00510	N-Glycan biosynthesis	1/70	53/8842	0.344598105096518	0.541932062715891	0.46194437840199	MAN2A2	1
hsa05012	Parkinson disease	3/70	271/8842	0.363341505158633	0.566566414823631	0.482942767784445	ITPR3/NDUFB11/SOD1	3
hsa05161	Hepatitis B	2/70	163/8842	0.371125838535192	0.573841632693069	0.489144183474069	MMP9/TLR4	2
hsa04923	Regulation of lipolysis in adipocytes	1/70	59/8842	0.375309331423836	0.574269189735729	0.489508634271302	PTGS2	1
hsa04730	Long-term depression	1/70	60/8842	0.38028807977865	0.574269189735729	0.489508634271302	ITPR3	1
hsa00590	Arachidonic acid metabolism	1/70	61/8842	0.385227710206285	0.574269189735729	0.489508634271302	PTGS2	1
hsa00140	Steroid hormone biosynthesis	1/70	62/8842	0.390128525635685	0.574269189735729	0.489508634271302	CYP1B1	1
hsa04213	Longevity regulating pathway - multiple species	1/70	62/8842	0.390128525635685	0.574269189735729	0.489508634271302	SOD1	1
hsa04330	Notch signaling pathway	1/70	62/8842	0.390128525635685	0.574269189735729	0.489508634271302	NOTCH2	1
hsa05164	Influenza A	2/70	172/8842	0.396583566361387	0.57710541166063	0.491926237628341	RNASEL/TLR4	2
hsa03250	Viral life cycle - HIV-1	1/70	64/8842	0.399814911674706	0.57710541166063	0.491926237628341	PIN1	1
hsa04927	Cortisol synthesis and secretion	1/70	65/8842	0.404601076653377	0.57710541166063	0.491926237628341	ITPR3	1
hsa04929	GnRH secretion	1/70	65/8842	0.404601076653377	0.57710541166063	0.491926237628341	ITPR3	1
hsa00010	Glycolysis / Gluconeogenesis	1/70	67/8842	0.414060819476653	0.586055313720801	0.49955515872082	HK2	1
hsa05221	Acute myeloid leukemia	1/70	68/8842	0.418734978181682	0.588146839583432	0.501337981109447	ITGAM	1
hsa04010	MAPK signaling pathway	3/70	300/8842	0.42580468171524	0.593545919966699	0.505940172053994	MAP4K1/PPP3R1/PPP3CA	3
hsa04360	Axon guidance	2/70	184/8842	0.429796508347148	0.593932834116565	0.506269978737804	PPP3R1/PPP3CA	2
hsa05230	Central carbon metabolism in cancer	1/70	71/8842	0.432538042237063	0.593932834116565	0.506269978737804	HK2	1
hsa04622	RIG-I-like receptor signaling pathway	1/70	72/8842	0.437066868715618	0.595705954397583	0.507781391334325	PIN1	1
hsa04918	Thyroid hormone synthesis	1/70	75/8842	0.450440661745145	0.606438148389419	0.516929542963521	ITPR3	1
hsa04062	Chemokine signaling pathway	2/70	193/8842	0.454085729479481	0.606438148389419	0.516929542963521	ITK/CCR7	2
hsa04971	Gastric acid secretion	1/70	76/8842	0.454828611292065	0.606438148389419	0.516929542963521	ITPR3	1
hsa00980	Metabolism of xenobiotics by cytochrome P450	1/70	79/8842	0.467786295958275	0.619227902563472	0.52783156454209	CYP1B1	1
hsa04510	Focal adhesion	2/70	203/8842	0.480389194876803	0.626169654014945	0.533748732541343	TLN1/ITGB7	2
hsa05130	Pathogenic Escherichia coli infection	2/70	203/8842	0.480389194876803	0.626169654014945	0.533748732541343	TLR4/MYH9	2
hsa04146	Peroxisome	1/70	83/8842	0.484592030351403	0.626169654014945	0.533748732541343	SOD1	1
hsa01232	Nucleotide metabolism	1/70	85/8842	0.492797632638535	0.626169654014945	0.533748732541343	ADA	1
hsa05165	Human papillomavirus infection	3/70	333/8842	0.494283872221714	0.626169654014945	0.533748732541343	NOTCH2/ITGB7/PTGS2	3
hsa04742	Taste transduction	1/70	86/8842	0.496852008077076	0.626169654014945	0.533748732541343	ITPR3	1
hsa04911	Insulin secretion	1/70	86/8842	0.496852008077076	0.626169654014945	0.533748732541343	ITPR3	1
hsa04512	ECM-receptor interaction	1/70	89/8842	0.508824426679097	0.635218580641048	0.541462062445745	ITGB7	1
hsa05207	Chemical carcinogenesis - receptor activation	2/70	215/8842	0.510936684428669	0.635218580641048	0.541462062445745	NOTCH2/CYP1B1	2
hsa04540	Gap junction	1/70	92/8842	0.520515935402876	0.636478344741389	0.542535888824182	ITPR3	1
hsa04912	GnRH signaling pathway	1/70	93/8842	0.524351807919653	0.636478344741389	0.542535888824182	ITPR3	1
hsa05222	Small cell lung cancer	1/70	93/8842	0.524351807919653	0.636478344741389	0.542535888824182	PTGS2	1
hsa05323	Rheumatoid arthritis	1/70	94/8842	0.528157428384349	0.636478344741389	0.542535888824182	TLR4	1
hsa04713	Circadian entrainment	1/70	97/8842	0.539395120027478	0.636478344741389	0.542535888824182	ITPR3	1
hsa04970	Salivary secretion	1/70	97/8842	0.539395120027478	0.636478344741389	0.542535888824182	ITPR3	1
hsa04666	Fc gamma R-mediated phagocytosis	1/70	98/8842	0.543082065893468	0.636478344741389	0.542535888824182	BIN1	1
hsa04925	Aldosterone synthesis and secretion	1/70	98/8842	0.543082065893468	0.636478344741389	0.542535888824182	ITPR3	1
hsa05215	Prostate cancer	1/70	98/8842	0.543082065893468	0.636478344741389	0.542535888824182	MMP9	1
hsa05410	Hypertrophic cardiomyopathy	1/70	99/8842	0.546739917607495	0.636709777466957	0.542733162714969	ITGB7	1
hsa05414	Dilated cardiomyopathy	1/70	105/8842	0.568088601944221	0.657281389493894	0.560268461296282	ITGB7	1
hsa04972	Pancreatic secretion	1/70	106/8842	0.571549034342516	0.657281389493894	0.560268461296282	ITPR3	1
hsa04350	TGF-beta signaling pathway	1/70	108/8842	0.578388116774493	0.66101499059942	0.563450993131085	EMP3	1
hsa05132	Salmonella infection	2/70	251/8842	0.595418261671886	0.676277531775476	0.576460825140423	TLR6/TLR4	2
hsa04725	Cholinergic synapse	1/70	115/8842	0.601488191760203	0.677851438075461	0.57780242719247	ITPR3	1
hsa01200	Carbon metabolism	1/70	116/8842	0.604684688445981	0.677851438075461	0.57780242719247	HK2	1
hsa03082	ATP-dependent chromatin remodeling	1/70	117/8842	0.607855909143756	0.677851438075461	0.57780242719247	BAZ2B	1
hsa04935	Growth hormone synthesis, secretion and action	1/70	122/8842	0.623339714868874	0.69093076828839	0.588951284181751	ITPR3	1
hsa00230	Purine metabolism	1/70	128/8842	0.641126394577907	0.706390758097814	0.602129421948366	ADA	1
hsa04926	Relaxin signaling pathway	1/70	130/8842	0.646869264132553	0.708475860716606	0.603906769146306	MMP9	1
hsa04068	FoxO signaling pathway	1/70	133/8842	0.655314119566061	0.713478094675475	0.608170687108957	IL7R	1
hsa04910	Insulin signaling pathway	1/70	138/8842	0.668948645803937	0.724038534281909	0.6171724348284	HK2	1
hsa04371	Apelin signaling pathway	1/70	140/8842	0.674252352417249	0.724096385431368	0.617221747307059	ITPR3	1
hsa05418	Fluid shear stress and atherosclerosis	1/70	141/8842	0.676872708120627	0.724096385431368	0.617221747307059	MMP9	1
hsa05017	Spinocerebellar ataxia	1/70	144/8842	0.684609745187564	0.728139844592554	0.620668402999374	ITPR3	1
hsa04934	Cushing syndrome	1/70	155/8842	0.71144803503478	0.744929598616484	0.634980035433959	ITPR3	1
hsa05016	Huntington disease	2/70	311/8842	0.711526059508605	0.744929598616484	0.634980035433959	NDUFB11/SOD1	2
hsa04932	Non-alcoholic fatty liver disease	1/70	157/8842	0.716079878110862	0.744929598616484	0.634980035433959	NDUFB11	1
hsa04217	Necroptosis	1/70	159/8842	0.720638416052903	0.744929598616484	0.634980035433959	TLR4	1
hsa05160	Hepatitis C	1/70	159/8842	0.720638416052903	0.744929598616484	0.634980035433959	RNASEL	1
hsa04141	Protein processing in endoplasmic reticulum	1/70	170/8842	0.744450275512369	0.7609936149682	0.648673047083877	CKAP4	1
hsa04530	Tight junction	1/70	170/8842	0.744450275512369	0.7609936149682	0.648673047083877	MYH9	1
hsa04814	Motor proteins	1/70	197/8842	0.794743630461903	0.80791617682315	0.688669967658177	MYH9	1
hsa04024	cAMP signaling pathway	1/70	226/8842	0.83791807774295	0.847125968707159	0.722092501930015	PTGER2	1
hsa04714	Thermogenesis	1/70	235/8842	0.849396699626658	0.853041847631934	0.72713521337047	NDUFB11	1
hsa04014	Ras signaling pathway	1/70	238/8842	0.853041847631934	0.853041847631934	0.72713521337047	ETS2	1
